id,name,email,phone
c00001,  Linus Hamilton , LINUS.HAMILTON@Example.com ,(342) 542-2374
c00002,  Linus Ritchie , LINUS.RITCHIE@Example.com ,(672) 436-2553
c00003,  Margaret Dijkstra , MARGARET.DIJKSTRA@Example.com ,(466) 549-5930
c00004,  Dennis Thompson , DENNIS.THOMPSON@Example.com ,(599) 683-1545
c00005,  Dennis Hamilton , DENNIS.HAMILTON@Example.com ,(613) 406-8383
c00006,  Ken Torvalds , KEN.TORVALDS@Example.com ,(787) 738-5447
c00007,  Barbara Ritchie , BARBARA.RITCHIE@Example.com ,(673) 570-6608
c00008,  Linus Hamilton , LINUS.HAMILTON@Example.com ,(621) 293-4496
c00009,  Margaret Ritchie , MARGARET.RITCHIE@Example.com ,(797) 877-6815
c00010,  Ken Ritchie , KEN.RITCHIE@Example.com ,(598) 842-2536
c00011,  Ken Hopper , KEN.HOPPER@Example.com ,(300) 619-1240
c00012,  Ken Thompson , KEN.THOMPSON@Example.com ,(721) 890-9224
c00013,  Linus Lovelace , LINUS.LOVELACE@Example.com ,(727) 552-9821
c00014,  Radia Liskov , RADIA.LISKOV@Example.com ,(284) 488-3867
c00015,  Barbara Ritchie , BARBARA.RITCHIE@Example.com ,(992) 218-1094
c00016,  Ken Liskov , KEN.LISKOV@Example.com ,(742) 894-2683
c00017,  Linus Dijkstra , LINUS.DIJKSTRA@Example.com ,(981) 835-9544
c00018,  Grace Hopper , GRACE.HOPPER@Example.com ,(850) 343-7527
c00019,  Linus Liskov , LINUS.LISKOV@Example.com ,(239) 277-7266
c00020,  Edsger Dijkstra , EDSGER.DIJKSTRA@Example.com ,(438) 564-4362
c00021,  Linus Liskov , LINUS.LISKOV@Example.com ,(598) 885-9792
c00022,  Dennis Torvalds , DENNIS.TORVALDS@Example.com ,(698) 614-3021
c00023,  Alan Lovelace , ALAN.LOVELACE@Example.com ,(951) 568-8963
c00024,  Alan Liskov , ALAN.LISKOV@Example.com ,(893) 720-2009
c00025,  Alan Perlman , ALAN.PERLMAN@Example.com ,(355) 575-8261
c00026,  Radia Hamilton , RADIA.HAMILTON@Example.com ,(392) 718-9618
c00027,  Edsger Ritchie , EDSGER.RITCHIE@Example.com ,(323) 201-9396
c00028,  Radia Hopper , RADIA.HOPPER@Example.com ,(510) 884-3082
c00029,  Linus Hamilton , LINUS.HAMILTON@Example.com ,(590) 655-8998
c00030,  Ada Thompson , ADA.THOMPSON@Example.com ,(261) 671-8437
c00031,  Linus Ritchie , LINUS.RITCHIE@Example.com ,(234) 306-8841
c00032,  Margaret Perlman , MARGARET.PERLMAN@Example.com ,(993) 773-2270
c00033,  Margaret Dijkstra , MARGARET.DIJKSTRA@Example.com ,(398) 547-9447
c00034,  Radia Turing , RADIA.TURING@Example.com ,(917) 341-4748
c00035,  Dennis Thompson , DENNIS.THOMPSON@Example.com ,(730) 667-5389
c00036,  Barbara Ritchie , BARBARA.RITCHIE@Example.com ,(378) 809-2445
c00037,  Ada Turing , ADA.TURING@Example.com ,(582) 573-6538
c00038,  Ken Turing , KEN.TURING@Example.com ,(233) 917-8364
c00039,  Alan Perlman , ALAN.PERLMAN@Example.com ,(723) 937-7878
c00040,  Dennis Thompson , DENNIS.THOMPSON@Example.com ,(504) 466-4696
c00041,  Ada Torvalds , ADA.TORVALDS@Example.com ,(202) 430-1092
c00042,  Grace Hamilton , GRACE.HAMILTON@Example.com ,(892) 762-2381
c00043,  Linus Torvalds , LINUS.TORVALDS@Example.com ,(318) 557-3537
c00044,  Edsger Hamilton , EDSGER.HAMILTON@Example.com ,(498) 769-7352
c00045,  Grace Liskov , GRACE.LISKOV@Example.com ,(326) 717-4139
c00046,  Dennis Turing , DENNIS.TURING@Example.com ,(413) 516-7744
c00047,  Linus Turing , LINUS.TURING@Example.com ,(943) 677-2722
c00048,  Radia Torvalds , RADIA.TORVALDS@Example.com ,(433) 416-2543
c00049,  Dennis Lovelace , DENNIS.LOVELACE@Example.com ,(334) 554-5621
c00050,  Edsger Hamilton , EDSGER.HAMILTON@Example.com ,(766) 369-8557
c00051,  Radia Hopper , RADIA.HOPPER@Example.com ,(696) 964-1988
c00052,  Ken Turing , KEN.TURING@Example.com ,(557) 631-5956
c00053,  Linus Perlman , LINUS.PERLMAN@Example.com ,(779) 329-5100
c00054,  Margaret Lovelace , MARGARET.LOVELACE@Example.com ,(791) 697-4485
c00055,  Radia Lovelace , RADIA.LOVELACE@Example.com ,(509) 822-1185
c00056,  Barbara Ritchie , BARBARA.RITCHIE@Example.com ,(546) 823-3056
c00057,  Ada Dijkstra , ADA.DIJKSTRA@Example.com ,(705) 266-4991
c00058,  Ken Ritchie , KEN.RITCHIE@Example.com ,(541) 315-6059
c00059,  Linus Ritchie , LINUS.RITCHIE@Example.com ,(227) 832-3531
c00060,  Alan Liskov , ALAN.LISKOV@Example.com ,(799) 462-8739
c00061,  Edsger Liskov , EDSGER.LISKOV@Example.com ,(841) 205-2739
c00062,  Dennis Thompson , DENNIS.THOMPSON@Example.com ,(502) 967-1069
c00063,  Margaret Ritchie , MARGARET.RITCHIE@Example.com ,(573) 802-9836
c00064,  Linus Turing , LINUS.TURING@Example.com ,(478) 807-8494
c00065,  Ada Thompson , ADA.THOMPSON@Example.com ,(597) 807-9208
c00066,  Ken Thompson , KEN.THOMPSON@Example.com ,(550) 252-9266
c00067,  Alan Thompson , ALAN.THOMPSON@Example.com ,(423) 923-4941
c00068,  Edsger Lovelace , EDSGER.LOVELACE@Example.com ,(753) 313-6485
c00069,  Dennis Liskov , DENNIS.LISKOV@Example.com ,(888) 209-1084
c00070,  Ada Ritchie , ADA.RITCHIE@Example.com ,(821) 752-2036
c00071,  Barbara Liskov , BARBARA.LISKOV@Example.com ,(466) 791-5649
c00072,  Ada Liskov , ADA.LISKOV@Example.com ,(968) 779-7882
c00073,  Grace Thompson , GRACE.THOMPSON@Example.com ,(704) 651-7977
c00074,  Grace Torvalds , GRACE.TORVALDS@Example.com ,(423) 638-6549
c00075,  Ada Torvalds , ADA.TORVALDS@Example.com ,(812) 217-2979
c00076,  Ada Turing , ADA.TURING@Example.com ,(457) 308-7101
c00077,  Edsger Torvalds , EDSGER.TORVALDS@Example.com ,(803) 795-8751
c00078,  Alan Perlman , ALAN.PERLMAN@Example.com ,(636) 935-8256
c00079,  Barbara Ritchie , BARBARA.RITCHIE@Example.com ,(562) 712-4686
c00080,  Radia Liskov , RADIA.LISKOV@Example.com ,(308) 942-4232
c00081,  Grace Thompson , GRACE.THOMPSON@Example.com ,(415) 236-5111
c00082,  Alan Turing , ALAN.TURING@Example.com ,(266) 579-2072
c00083,  Grace Dijkstra , GRACE.DIJKSTRA@Example.com ,(758) 845-9260
c00084,  Dennis Lovelace , DENNIS.LOVELACE@Example.com ,(330) 309-7702
c00085,  Grace Turing , GRACE.TURING@Example.com ,(602) 706-3937
c00086,  Grace Perlman , GRACE.PERLMAN@Example.com ,(987) 560-1649
c00087,  Ada Liskov , ADA.LISKOV@Example.com ,(942) 236-2539
c00088,  Linus Hopper , LINUS.HOPPER@Example.com ,(828) 900-7016
c00089,  Dennis Liskov , DENNIS.LISKOV@Example.com ,(612) 647-8622
c00090,  Radia Perlman , RADIA.PERLMAN@Example.com ,(307) 515-4236
c00091,  Margaret Thompson , MARGARET.THOMPSON@Example.com ,(358) 397-6212
c00092,  Grace Thompson , GRACE.THOMPSON@Example.com ,(927) 820-3863
c00093,  Ken Dijkstra , KEN.DIJKSTRA@Example.com ,(961) 499-6108
c00094,  Ada Torvalds , ADA.TORVALDS@Example.com ,(607) 630-3806
c00095,  Barbara Perlman , BARBARA.PERLMAN@Example.com ,(885) 983-6269
c00096,  Radia Dijkstra , RADIA.DIJKSTRA@Example.com ,(957) 729-9784
c00097,  Dennis Dijkstra , DENNIS.DIJKSTRA@Example.com ,(398) 330-8737
c00098,  Linus Ritchie , LINUS.RITCHIE@Example.com ,(565) 466-9390
c00099,  Ken Hopper , KEN.HOPPER@Example.com ,(541) 910-4546
c00100,  Ken Hamilton , KEN.HAMILTON@Example.com ,(445) 385-5602
c00101,  Radia Torvalds , RADIA.TORVALDS@Example.com ,(268) 970-9107
c00102,  Margaret Torvalds , MARGARET.TORVALDS@Example.com ,(352) 560-9084
c00103,  Dennis Dijkstra , DENNIS.DIJKSTRA@Example.com ,(865) 668-7937
c00104,  Edsger Ritchie , EDSGER.RITCHIE@Example.com ,(223) 875-4912
c00105,  Ken Thompson , KEN.THOMPSON@Example.com ,(808) 728-4029
c00106,  Alan Thompson , ALAN.THOMPSON@Example.com ,(462) 345-9386
c00107,  Ada Ritchie , ADA.RITCHIE@Example.com ,(543) 898-2724
c00108,  Ken Thompson , KEN.THOMPSON@Example.com ,(439) 956-2649
c00109,  Edsger Hopper , EDSGER.HOPPER@Example.com ,(587) 760-2676
c00110,  Radia Hopper , RADIA.HOPPER@Example.com ,(726) 923-5799
c00111,  Ken Hamilton , KEN.HAMILTON@Example.com ,(701) 313-6197
c00112,  Radia Perlman , RADIA.PERLMAN@Example.com ,(212) 827-3018
c00113,  Linus Turing , LINUS.TURING@Example.com ,(737) 766-1919
c00114,  Ada Hamilton , ADA.HAMILTON@Example.com ,(267) 431-3569
c00115,  Linus Dijkstra , LINUS.DIJKSTRA@Example.com ,(559) 645-2660
c00116,  Ada Ritchie , ADA.RITCHIE@Example.com ,(819) 822-9682
c00117,  Barbara Dijkstra , BARBARA.DIJKSTRA@Example.com ,(421) 334-1866
c00118,  Alan Lovelace , ALAN.LOVELACE@Example.com ,(484) 889-6171
c00119,  Barbara Ritchie , BARBARA.RITCHIE@Example.com ,(263) 500-6779
c00120,  Barbara Lovelace , BARBARA.LOVELACE@Example.com ,(403) 910-2798
c00121,  Ada Hopper , ADA.HOPPER@Example.com ,(204) 349-4313
c00122,  Edsger Lovelace , EDSGER.LOVELACE@Example.com ,(906) 372-7546
c00123,  Ken Hopper , KEN.HOPPER@Example.com ,(868) 737-7407
c00124,  Margaret Ritchie , MARGARET.RITCHIE@Example.com ,(480) 759-8258
c00125,  Margaret Ritchie , MARGARET.RITCHIE@Example.com ,(812) 745-9011
c00126,  Edsger Hopper , EDSGER.HOPPER@Example.com ,(907) 582-2745
c00127,  Alan Ritchie , ALAN.RITCHIE@Example.com ,(226) 612-9493
c00128,  Radia Torvalds , RADIA.TORVALDS@Example.com ,(478) 935-2853
c00129,  Barbara Ritchie , BARBARA.RITCHIE@Example.com ,(256) 319-3417
c00130,  Dennis Hopper , DENNIS.HOPPER@Example.com ,(314) 885-7827
c00131,  Dennis Perlman , DENNIS.PERLMAN@Example.com ,(645) 898-1503
c00132,  Linus Hopper , LINUS.HOPPER@Example.com ,(451) 270-4480
c00133,  Alan Hopper , ALAN.HOPPER@Example.com ,(363) 252-3503
c00134,  Radia Perlman , RADIA.PERLMAN@Example.com ,(307) 459-3063
c00135,  Ken Ritchie , KEN.RITCHIE@Example.com ,(227) 692-3157
c00136,  Dennis Liskov , DENNIS.LISKOV@Example.com ,(549) 244-2670
c00137,  Barbara Ritchie , BARBARA.RITCHIE@Example.com ,(532) 926-5434
c00138,  Margaret Hopper , MARGARET.HOPPER@Example.com ,(415) 589-3179
c00139,  Margaret Torvalds , MARGARET.TORVALDS@Example.com ,(509) 807-8363
c00140,  Radia Torvalds , RADIA.TORVALDS@Example.com ,(201) 978-1577
c00141,  Barbara Perlman , BARBARA.PERLMAN@Example.com ,(960) 362-1218
c00142,  Grace Liskov , GRACE.LISKOV@Example.com ,(927) 405-1621
c00143,  Edsger Torvalds , EDSGER.TORVALDS@Example.com ,(232) 893-5427
c00144,  Dennis Dijkstra , DENNIS.DIJKSTRA@Example.com ,(253) 414-3769
c00145,  Dennis Liskov , DENNIS.LISKOV@Example.com ,(958) 661-8735
c00146,  Grace Thompson , GRACE.THOMPSON@Example.com ,(744) 733-5791
c00147,  Barbara Hamilton , BARBARA.HAMILTON@Example.com ,(633) 448-2520
c00148,  Ken Perlman , KEN.PERLMAN@Example.com ,(497) 381-5124
c00149,  Alan Thompson , ALAN.THOMPSON@Example.com ,(962) 804-1745
c00150,  Alan Torvalds , ALAN.TORVALDS@Example.com ,(364) 891-1329
c00151,  Grace Dijkstra , GRACE.DIJKSTRA@Example.com ,(444) 839-8556
c00152,  Dennis Hopper , DENNIS.HOPPER@Example.com ,(553) 730-9213
c00153,  Edsger Liskov , EDSGER.LISKOV@Example.com ,(796) 330-5684
c00154,  Grace Lovelace , GRACE.LOVELACE@Example.com ,(648) 333-2362
c00155,  Alan Perlman , ALAN.PERLMAN@Example.com ,(854) 727-5127
c00156,  Alan Hamilton , ALAN.HAMILTON@Example.com ,(533) 308-6867
c00157,  Radia Ritchie , RADIA.RITCHIE@Example.com ,(568) 584-2102
c00158,  Grace Ritchie , GRACE.RITCHIE@Example.com ,(727) 692-8239
c00159,  Alan Turing , ALAN.TURING@Example.com ,(630) 471-1888
c00160,  Ken Torvalds , KEN.TORVALDS@Example.com ,(980) 982-6824
c00161,  Alan Thompson , ALAN.THOMPSON@Example.com ,(778) 285-1579
c00162,  Barbara Lovelace , BARBARA.LOVELACE@Example.com ,(254) 602-3038
c00163,  Barbara Dijkstra , BARBARA.DIJKSTRA@Example.com ,(225) 469-5731
c00164,  Barbara Perlman , BARBARA.PERLMAN@Example.com ,(581) 443-8977
c00165,  Barbara Ritchie , BARBARA.RITCHIE@Example.com ,(540) 211-8839
c00166,  Alan Perlman , ALAN.PERLMAN@Example.com ,(505) 833-2421
c00167,  Dennis Hopper , DENNIS.HOPPER@Example.com ,(545) 627-1952
c00168,  Margaret Hamilton , MARGARET.HAMILTON@Example.com ,(201) 804-8713
c00169,  Alan Ritchie , ALAN.RITCHIE@Example.com ,(221) 300-7060
c00170,  Ken Turing , KEN.TURING@Example.com ,(258) 319-2062
c00171,  Ken Perlman , KEN.PERLMAN@Example.com ,(868) 442-5074
c00172,  Ada Thompson , ADA.THOMPSON@Example.com ,(342) 798-3139
c00173,  Linus Hamilton , LINUS.HAMILTON@Example.com ,(500) 407-6117
c00174,  Edsger Perlman , EDSGER.PERLMAN@Example.com ,(974) 856-5225
c00175,  Dennis Lovelace , DENNIS.LOVELACE@Example.com ,(767) 300-8429
c00176,  Dennis Hamilton , DENNIS.HAMILTON@Example.com ,(989) 702-9536
c00177,  Ken Hamilton , KEN.HAMILTON@Example.com ,(837) 933-2763
c00178,  Grace Torvalds , GRACE.TORVALDS@Example.com ,(653) 203-2794
c00179,  Ken Perlman , KEN.PERLMAN@Example.com ,(300) 879-2948
c00180,  Margaret Hopper , MARGARET.HOPPER@Example.com ,(600) 219-4521
c00181,  Ada Liskov , ADA.LISKOV@Example.com ,(308) 826-1360
c00182,  Ken Hamilton , KEN.HAMILTON@Example.com ,(477) 759-9110
c00183,  Ken Hopper , KEN.HOPPER@Example.com ,(423) 377-9130
c00184,  Linus Turing , LINUS.TURING@Example.com ,(962) 329-5688
c00185,  Ken Torvalds , KEN.TORVALDS@Example.com ,(867) 575-5318
c00186,  Alan Hamilton , ALAN.HAMILTON@Example.com ,(776) 604-9176
c00187,  Barbara Thompson , BARBARA.THOMPSON@Example.com ,(907) 286-8863
c00188,  Alan Turing , ALAN.TURING@Example.com ,(887) 686-8235
c00189,  Barbara Torvalds , BARBARA.TORVALDS@Example.com ,(778) 567-4457
c00190,  Radia Hamilton , RADIA.HAMILTON@Example.com ,(712) 481-5838
c00191,  Ada Hamilton , ADA.HAMILTON@Example.com ,(201) 822-2933
c00192,  Dennis Dijkstra , DENNIS.DIJKSTRA@Example.com ,(879) 663-7001
c00193,  Dennis Hamilton , DENNIS.HAMILTON@Example.com ,(279) 429-3657
c00194,  Edsger Torvalds , EDSGER.TORVALDS@Example.com ,(716) 859-7220
c00195,  Grace Ritchie , GRACE.RITCHIE@Example.com ,(566) 292-3489
c00196,  Dennis Turing , DENNIS.TURING@Example.com ,(449) 474-3194
c00197,  Edsger Lovelace , EDSGER.LOVELACE@Example.com ,(762) 277-7416
c00198,  Barbara Dijkstra , BARBARA.DIJKSTRA@Example.com ,(937) 509-3570
c00199,  Barbara Hopper , BARBARA.HOPPER@Example.com ,(241) 983-9151
c00200,  Edsger Dijkstra , EDSGER.DIJKSTRA@Example.com ,(276) 831-7943
c00201,  Margaret Liskov , MARGARET.LISKOV@Example.com ,(379) 415-9101
c00202,  Grace Torvalds , GRACE.TORVALDS@Example.com ,(845) 844-6232
c00203,  Linus Ritchie , LINUS.RITCHIE@Example.com ,(643) 742-9563
c00204,  Grace Thompson , GRACE.THOMPSON@Example.com ,(467) 259-7587
c00205,  Grace Turing , GRACE.TURING@Example.com ,(373) 288-3500
c00206,  Ada Liskov , ADA.LISKOV@Example.com ,(534) 495-9826
c00207,  Ken Liskov , KEN.LISKOV@Example.com ,(531) 911-6472
c00208,  Margaret Liskov , MARGARET.LISKOV@Example.com ,(501) 356-9399
c00209,  Grace Dijkstra , GRACE.DIJKSTRA@Example.com ,(795) 708-1746
c00210,  Linus Perlman , LINUS.PERLMAN@Example.com ,(993) 448-6808
c00211,  Ken Hopper , KEN.HOPPER@Example.com ,(573) 932-3983
c00212,  Alan Hamilton , ALAN.HAMILTON@Example.com ,(369) 839-8465
c00213,  Barbara Thompson , BARBARA.THOMPSON@Example.com ,(998) 355-7421
c00214,  Margaret Thompson , MARGARET.THOMPSON@Example.com ,(568) 324-2763
c00215,  Edsger Liskov , EDSGER.LISKOV@Example.com ,(877) 415-5045
c00216,  Dennis Liskov , DENNIS.LISKOV@Example.com ,(556) 667-3358
c00217,  Margaret Torvalds , MARGARET.TORVALDS@Example.com ,(282) 723-8641
c00218,  Ada Dijkstra , ADA.DIJKSTRA@Example.com ,(696) 562-8198
c00219,  Radia Liskov , RADIA.LISKOV@Example.com ,(342) 732-7633
c00220,  Alan Ritchie , ALAN.RITCHIE@Example.com ,(222) 225-2670
c00221,  Margaret Liskov , MARGARET.LISKOV@Example.com ,(719) 664-1317
c00222,  Radia Liskov , RADIA.LISKOV@Example.com ,(388) 873-4317
c00223,  Linus Turing , LINUS.TURING@Example.com ,(762) 535-5418
c00224,  Linus Lovelace , LINUS.LOVELACE@Example.com ,(333) 223-2631
c00225,  Alan Turing , ALAN.TURING@Example.com ,(647) 331-5790
c00226,  Edsger Perlman , EDSGER.PERLMAN@Example.com ,(677) 495-3598
c00227,  Barbara Dijkstra , BARBARA.DIJKSTRA@Example.com ,(793) 325-1286
c00228,  Radia Liskov , RADIA.LISKOV@Example.com ,(653) 286-7966
c00229,  Barbara Hamilton , BARBARA.HAMILTON@Example.com ,(213) 669-4106
c00230,  Ada Liskov , ADA.LISKOV@Example.com ,(709) 426-8453
c00231,  Ken Hamilton , KEN.HAMILTON@Example.com ,(439) 277-5146
c00232,  Margaret Lovelace , MARGARET.LOVELACE@Example.com ,(769) 295-5595
c00233,  Margaret Hopper , MARGARET.HOPPER@Example.com ,(858) 424-4220
c00234,  Linus Hamilton , LINUS.HAMILTON@Example.com ,(787) 413-9602
c00235,  Grace Ritchie , GRACE.RITCHIE@Example.com ,(809) 747-1035
c00236,  Linus Torvalds , LINUS.TORVALDS@Example.com ,(921) 619-2536
c00237,  Alan Hamilton , ALAN.HAMILTON@Example.com ,(984) 746-2872
c00238,  Dennis Turing , DENNIS.TURING@Example.com ,(915) 743-2164
c00239,  Margaret Lovelace , MARGARET.LOVELACE@Example.com ,(634) 786-6074
c00240,  Ada Turing , ADA.TURING@Example.com ,(550) 739-8852
c00241,  Margaret Ritchie , MARGARET.RITCHIE@Example.com ,(865) 978-9679
c00242,  Linus Lovelace , LINUS.LOVELACE@Example.com ,(688) 597-5616
c00243,  Alan Thompson , ALAN.THOMPSON@Example.com ,(387) 681-8051
c00244,  Barbara Liskov , BARBARA.LISKOV@Example.com ,(710) 841-1045
c00245,  Barbara Lovelace , BARBARA.LOVELACE@Example.com ,(777) 556-6536
c00246,  Alan Hopper , ALAN.HOPPER@Example.com ,(839) 968-3164
c00247,  Dennis Turing , DENNIS.TURING@Example.com ,(829) 633-4860
c00248,  Alan Thompson , ALAN.THOMPSON@Example.com ,(855) 560-7027
c00249,  Ken Torvalds , KEN.TORVALDS@Example.com ,(497) 606-8046
c00250,  Margaret Thompson , MARGARET.THOMPSON@Example.com ,(523) 564-2862
c00251,  Ada Hopper , ADA.HOPPER@Example.com ,(732) 384-3274
c00252,  Edsger Lovelace , EDSGER.LOVELACE@Example.com ,(213) 648-9865
c00253,  Ada Lovelace , ADA.LOVELACE@Example.com ,(340) 425-7993
c00254,  Barbara Liskov , BARBARA.LISKOV@Example.com ,(897) 963-2557
c00255,  Radia Hamilton , RADIA.HAMILTON@Example.com ,(688) 401-6381
c00256,  Ken Thompson , KEN.THOMPSON@Example.com ,(836) 575-6477
c00257,  Grace Lovelace , GRACE.LOVELACE@Example.com ,(838) 460-7258
c00258,  Alan Turing , ALAN.TURING@Example.com ,(637) 489-7375
c00259,  Linus Torvalds , LINUS.TORVALDS@Example.com ,(860) 852-5660
c00260,  Radia Turing , RADIA.TURING@Example.com ,(514) 904-5485
c00261,  Ada Hamilton , ADA.HAMILTON@Example.com ,(952) 497-2768
c00262,  Margaret Hopper , MARGARET.HOPPER@Example.com ,(510) 486-4358
c00263,  Grace Turing , GRACE.TURING@Example.com ,(711) 875-5267
c00264,  Ada Hamilton , ADA.HAMILTON@Example.com ,(637) 813-5863
c00265,  Grace Turing , GRACE.TURING@Example.com ,(859) 467-2842
c00266,  Grace Liskov , GRACE.LISKOV@Example.com ,(316) 707-6260
c00267,  Barbara Hamilton , BARBARA.HAMILTON@Example.com ,(666) 645-5344
c00268,  Ada Ritchie , ADA.RITCHIE@Example.com ,(617) 828-5586
c00269,  Margaret Hopper , MARGARET.HOPPER@Example.com ,(900) 529-8332
c00270,  Radia Lovelace , RADIA.LOVELACE@Example.com ,(261) 465-8522
c00271,  Dennis Turing , DENNIS.TURING@Example.com ,(280) 477-6003
c00272,  Linus Lovelace , LINUS.LOVELACE@Example.com ,(691) 834-1668
c00273,  Ada Ritchie , ADA.RITCHIE@Example.com ,(607) 820-7631
c00274,  Ken Thompson , KEN.THOMPSON@Example.com ,(652) 212-8244
c00275,  Ken Turing , KEN.TURING@Example.com ,(566) 797-4960
c00276,  Ken Thompson , KEN.THOMPSON@Example.com ,(388) 473-1596
c00277,  Radia Hopper , RADIA.HOPPER@Example.com ,(301) 754-9436
c00278,  Radia Dijkstra , RADIA.DIJKSTRA@Example.com ,(667) 426-5691
c00279,  Radia Perlman , RADIA.PERLMAN@Example.com ,(767) 835-1917
c00280,  Linus Ritchie , LINUS.RITCHIE@Example.com ,(644) 858-3294
c00281,  Margaret Hamilton , MARGARET.HAMILTON@Example.com ,(996) 977-4917
c00282,  Dennis Perlman , DENNIS.PERLMAN@Example.com ,(851) 648-9480
c00283,  Dennis Ritchie , DENNIS.RITCHIE@Example.com ,(225) 591-4071
c00284,  Barbara Torvalds , BARBARA.TORVALDS@Example.com ,(540) 650-1704
c00285,  Linus Ritchie , LINUS.RITCHIE@Example.com ,(290) 850-2524
c00286,  Alan Torvalds , ALAN.TORVALDS@Example.com ,(237) 388-7280
c00287,  Margaret Hamilton , MARGARET.HAMILTON@Example.com ,(650) 462-4356
c00288,  Alan Liskov , ALAN.LISKOV@Example.com ,(594) 779-3616
c00289,  Barbara Hopper , BARBARA.HOPPER@Example.com ,(913) 699-4706
c00290,  Linus Lovelace , LINUS.LOVELACE@Example.com ,(995) 418-7717
c00291,  Grace Perlman , GRACE.PERLMAN@Example.com ,(260) 910-1652
c00292,  Ada Torvalds , ADA.TORVALDS@Example.com ,(949) 593-6214
c00293,  Grace Hopper , GRACE.HOPPER@Example.com ,(589) 966-6835
c00294,  Grace Hopper , GRACE.HOPPER@Example.com ,(404) 796-6262
c00295,  Alan Lovelace , ALAN.LOVELACE@Example.com ,(851) 239-8693
c00296,  Ken Turing , KEN.TURING@Example.com ,(927) 263-1847
c00297,  Ken Dijkstra , KEN.DIJKSTRA@Example.com ,(827) 750-5562
c00298,  Radia Lovelace , RADIA.LOVELACE@Example.com ,(968) 914-4018
c00299,  Ken Perlman , KEN.PERLMAN@Example.com ,(411) 210-5399
c00300,  Barbara Lovelace , BARBARA.LOVELACE@Example.com ,(378) 953-9993
c00301,  Linus Lovelace , LINUS.LOVELACE@Example.com ,(348) 467-2330
c00302,  Margaret Turing , MARGARET.TURING@Example.com ,(405) 951-1096
c00303,  Edsger Thompson , EDSGER.THOMPSON@Example.com ,(663) 727-9403
c00304,  Alan Turing , ALAN.TURING@Example.com ,(571) 954-2197
c00305,  Ada Hopper , ADA.HOPPER@Example.com ,(631) 535-2519
c00306,  Edsger Perlman , EDSGER.PERLMAN@Example.com ,(582) 646-7603
c00307,  Barbara Liskov , BARBARA.LISKOV@Example.com ,(535) 281-7115
c00308,  Ken Perlman , KEN.PERLMAN@Example.com ,(814) 619-2944
c00309,  Radia Lovelace , RADIA.LOVELACE@Example.com ,(203) 398-2366
c00310,  Ada Liskov , ADA.LISKOV@Example.com ,(208) 415-9514
c00311,  Dennis Torvalds , DENNIS.TORVALDS@Example.com ,(686) 841-2830
c00312,  Dennis Turing , DENNIS.TURING@Example.com ,(299) 307-2456
c00313,  Ken Lovelace , KEN.LOVELACE@Example.com ,(526) 699-1996
c00314,  Dennis Liskov , DENNIS.LISKOV@Example.com ,(783) 830-3473
c00315,  Alan Lovelace , ALAN.LOVELACE@Example.com ,(227) 976-1233
c00316,  Grace Hamilton , GRACE.HAMILTON@Example.com ,(966) 232-3492
c00317,  Radia Dijkstra , RADIA.DIJKSTRA@Example.com ,(848) 769-7242
c00318,  Ken Perlman , KEN.PERLMAN@Example.com ,(741) 357-3120
c00319,  Grace Hopper , GRACE.HOPPER@Example.com ,(483) 597-7277
c00320,  Grace Lovelace , GRACE.LOVELACE@Example.com ,(270) 282-2223
c00321,  Edsger Ritchie , EDSGER.RITCHIE@Example.com ,(786) 526-5872
c00322,  Radia Ritchie , RADIA.RITCHIE@Example.com ,(527) 307-7602
c00323,  Linus Liskov , LINUS.LISKOV@Example.com ,(934) 564-9701
c00324,  Linus Hamilton , LINUS.HAMILTON@Example.com ,(417) 899-5725
c00325,  Alan Ritchie , ALAN.RITCHIE@Example.com ,(566) 546-7167
c00326,  Edsger Ritchie , EDSGER.RITCHIE@Example.com ,(428) 696-9377
c00327,  Margaret Perlman , MARGARET.PERLMAN@Example.com ,(716) 370-8403
c00328,  Ada Ritchie , ADA.RITCHIE@Example.com ,(823) 472-7483
c00329,  Barbara Dijkstra , BARBARA.DIJKSTRA@Example.com ,(264) 652-5540
c00330,  Edsger Dijkstra , EDSGER.DIJKSTRA@Example.com ,(437) 202-6499
c00331,  Edsger Hopper , EDSGER.HOPPER@Example.com ,(378) 970-4988
c00332,  Radia Lovelace , RADIA.LOVELACE@Example.com ,(577) 578-7810
c00333,  Grace Turing , GRACE.TURING@Example.com ,(357) 488-6525
c00334,  Grace Perlman , GRACE.PERLMAN@Example.com ,(995) 844-9308
c00335,  Grace Hopper , GRACE.HOPPER@Example.com ,(275) 894-6433
c00336,  Ken Torvalds , KEN.TORVALDS@Example.com ,(854) 455-6622
c00337,  Margaret Dijkstra , MARGARET.DIJKSTRA@Example.com ,(554) 907-7042
c00338,  Ada Thompson , ADA.THOMPSON@Example.com ,(483) 694-4187
c00339,  Ken Perlman , KEN.PERLMAN@Example.com ,(302) 501-9126
c00340,  Edsger Ritchie , EDSGER.RITCHIE@Example.com ,(714) 777-9283
c00341,  Margaret Perlman , MARGARET.PERLMAN@Example.com ,(861) 527-2514
c00342,  Dennis Hamilton , DENNIS.HAMILTON@Example.com ,(313) 985-6238
c00343,  Margaret Hopper , MARGARET.HOPPER@Example.com ,(851) 891-9921
c00344,  Edsger Dijkstra , EDSGER.DIJKSTRA@Example.com ,(962) 223-6168
c00345,  Edsger Turing , EDSGER.TURING@Example.com ,(400) 768-6819
c00346,  Barbara Torvalds , BARBARA.TORVALDS@Example.com ,(949) 493-8187
c00347,  Linus Liskov , LINUS.LISKOV@Example.com ,(887) 550-5768
c00348,  Radia Hamilton , RADIA.HAMILTON@Example.com ,(216) 716-2633
c00349,  Ada Torvalds , ADA.TORVALDS@Example.com ,(918) 895-6633
c00350,  Dennis Hopper , DENNIS.HOPPER@Example.com ,(238) 344-3854
c00351,  Ada Liskov , ADA.LISKOV@Example.com ,(279) 769-5557
c00352,  Linus Lovelace , LINUS.LOVELACE@Example.com ,(488) 885-2292
c00353,  Barbara Liskov , BARBARA.LISKOV@Example.com ,(423) 632-3794
c00354,  Edsger Turing , EDSGER.TURING@Example.com ,(767) 251-6036
c00355,  Grace Dijkstra , GRACE.DIJKSTRA@Example.com ,(961) 672-6230
c00356,  Radia Dijkstra , RADIA.DIJKSTRA@Example.com ,(644) 589-2418
c00357,  Ada Perlman , ADA.PERLMAN@Example.com ,(665) 807-3787
c00358,  Radia Turing , RADIA.TURING@Example.com ,(861) 891-3233
c00359,  Margaret Dijkstra , MARGARET.DIJKSTRA@Example.com ,(904) 514-2520
c00360,  Margaret Hopper , MARGARET.HOPPER@Example.com ,(967) 611-2397
c00361,  Alan Turing , ALAN.TURING@Example.com ,(443) 988-8824
c00362,  Linus Ritchie , LINUS.RITCHIE@Example.com ,(664) 445-3074
c00363,  Ken Turing , KEN.TURING@Example.com ,(800) 959-6324
c00364,  Radia Lovelace , RADIA.LOVELACE@Example.com ,(328) 735-5827
c00365,  Ada Liskov , ADA.LISKOV@Example.com ,(749) 863-6824
c00366,  Barbara Hamilton , BARBARA.HAMILTON@Example.com ,(220) 952-2125
c00367,  Margaret Hamilton , MARGARET.HAMILTON@Example.com ,(783) 621-4192
c00368,  Ken Thompson , KEN.THOMPSON@Example.com ,(676) 697-2156
c00369,  Barbara Dijkstra , BARBARA.DIJKSTRA@Example.com ,(660) 542-7740
c00370,  Dennis Turing , DENNIS.TURING@Example.com ,(567) 712-7526
c00371,  Grace Dijkstra , GRACE.DIJKSTRA@Example.com ,(353) 687-2836
c00372,  Radia Torvalds , RADIA.TORVALDS@Example.com ,(790) 898-7709
c00373,  Radia Hamilton , RADIA.HAMILTON@Example.com ,(382) 821-8753
c00374,  Radia Thompson , RADIA.THOMPSON@Example.com ,(753) 391-7621
c00375,  Grace Liskov , GRACE.LISKOV@Example.com ,(753) 748-5965
c00376,  Grace Perlman , GRACE.PERLMAN@Example.com ,(870) 613-2565
c00377,  Alan Thompson , ALAN.THOMPSON@Example.com ,(267) 839-9197
c00378,  Grace Hopper , GRACE.HOPPER@Example.com ,(543) 453-2118
c00379,  Ken Perlman , KEN.PERLMAN@Example.com ,(380) 902-3762
c00380,  Ken Thompson , KEN.THOMPSON@Example.com ,(811) 679-3342
c00381,  Margaret Lovelace , MARGARET.LOVELACE@Example.com ,(970) 475-3381
c00382,  Linus Liskov , LINUS.LISKOV@Example.com ,(686) 823-6501
c00383,  Edsger Dijkstra , EDSGER.DIJKSTRA@Example.com ,(331) 837-8626
c00384,  Grace Ritchie , GRACE.RITCHIE@Example.com ,(864) 278-5197
c00385,  Barbara Torvalds , BARBARA.TORVALDS@Example.com ,(801) 950-6496
c00386,  Dennis Dijkstra , DENNIS.DIJKSTRA@Example.com ,(674) 463-3599
c00387,  Edsger Ritchie , EDSGER.RITCHIE@Example.com ,(908) 300-5222
c00388,  Ken Hopper , KEN.HOPPER@Example.com ,(576) 979-6604
c00389,  Margaret Torvalds , MARGARET.TORVALDS@Example.com ,(914) 625-1201
c00390,  Dennis Perlman , DENNIS.PERLMAN@Example.com ,(886) 811-8998
c00391,  Barbara Lovelace , BARBARA.LOVELACE@Example.com ,(618) 777-2906
c00392,  Barbara Turing , BARBARA.TURING@Example.com ,(962) 891-3429
c00393,  Grace Lovelace , GRACE.LOVELACE@Example.com ,(883) 471-5833
c00394,  Edsger Hamilton , EDSGER.HAMILTON@Example.com ,(656) 796-3955
c00395,  Barbara Lovelace , BARBARA.LOVELACE@Example.com ,(515) 471-5067
c00396,  Alan Torvalds , ALAN.TORVALDS@Example.com ,(852) 641-4168
c00397,  Edsger Hamilton , EDSGER.HAMILTON@Example.com ,(276) 576-3709
c00398,  Alan Ritchie , ALAN.RITCHIE@Example.com ,(657) 369-1462
c00399,  Barbara Turing , BARBARA.TURING@Example.com ,(381) 876-4405
c00400,  Linus Hopper , LINUS.HOPPER@Example.com ,(464) 887-2737
c00401,  Grace Hamilton , GRACE.HAMILTON@Example.com ,(902) 322-5984
c00402,  Ada Liskov , ADA.LISKOV@Example.com ,(625) 750-6130
c00403,  Dennis Dijkstra , DENNIS.DIJKSTRA@Example.com ,(605) 650-9372
c00404,  Ken Hamilton , KEN.HAMILTON@Example.com ,(290) 342-5901
c00405,  Grace Turing , GRACE.TURING@Example.com ,(657) 761-8949
c00406,  Radia Lovelace , RADIA.LOVELACE@Example.com ,(442) 511-5066
c00407,  Alan Hopper , ALAN.HOPPER@Example.com ,(929) 431-7036
c00408,  Ken Hopper , KEN.HOPPER@Example.com ,(887) 576-2771
c00409,  Grace Thompson , GRACE.THOMPSON@Example.com ,(415) 493-6727
c00410,  Radia Thompson , RADIA.THOMPSON@Example.com ,(547) 791-7567
c00411,  Linus Hamilton , LINUS.HAMILTON@Example.com ,(642) 735-2454
c00412,  Margaret Hopper , MARGARET.HOPPER@Example.com ,(869) 365-8603
c00413,  Dennis Turing , DENNIS.TURING@Example.com ,(692) 725-4467
c00414,  Radia Perlman , RADIA.PERLMAN@Example.com ,(599) 459-4613
c00415,  Edsger Turing , EDSGER.TURING@Example.com ,(936) 680-2314
c00416,  Dennis Liskov , DENNIS.LISKOV@Example.com ,(474) 240-5260
c00417,  Radia Lovelace , RADIA.LOVELACE@Example.com ,(903) 356-4227
c00418,  Barbara Liskov , BARBARA.LISKOV@Example.com ,(960) 660-1781
c00419,  Radia Perlman , RADIA.PERLMAN@Example.com ,(678) 464-3770
c00420,  Margaret Turing , MARGARET.TURING@Example.com ,(498) 677-4398
c00421,  Ada Perlman , ADA.PERLMAN@Example.com ,(853) 259-2679
c00422,  Ada Hamilton , ADA.HAMILTON@Example.com ,(752) 841-5973
c00423,  Grace Hopper , GRACE.HOPPER@Example.com ,(535) 312-5880
c00424,  Dennis Liskov , DENNIS.LISKOV@Example.com ,(286) 289-2050
c00425,  Linus Liskov , LINUS.LISKOV@Example.com ,(685) 915-2233
c00426,  Ada Perlman , ADA.PERLMAN@Example.com ,(996) 823-2117
c00427,  Grace Perlman , GRACE.PERLMAN@Example.com ,(370) 820-6313
c00428,  Ken Lovelace , KEN.LOVELACE@Example.com ,(787) 910-9000
c00429,  Linus Thompson , LINUS.THOMPSON@Example.com ,(784) 383-1530
c00430,  Grace Lovelace , GRACE.LOVELACE@Example.com ,(374) 844-2768
c00431,  Barbara Hamilton , BARBARA.HAMILTON@Example.com ,(791) 319-7856
c00432,  Dennis Dijkstra , DENNIS.DIJKSTRA@Example.com ,(436) 834-7019
c00433,  Margaret Hamilton , MARGARET.HAMILTON@Example.com ,(297) 467-2379
c00434,  Radia Liskov , RADIA.LISKOV@Example.com ,(804) 945-1247
c00435,  Barbara Perlman , BARBARA.PERLMAN@Example.com ,(895) 324-5447
c00436,  Barbara Lovelace , BARBARA.LOVELACE@Example.com ,(866) 782-5800
c00437,  Radia Ritchie , RADIA.RITCHIE@Example.com ,(907) 205-6530
c00438,  Grace Turing , GRACE.TURING@Example.com ,(953) 425-3246
c00439,  Linus Torvalds , LINUS.TORVALDS@Example.com ,(716) 773-6872
c00440,  Ken Lovelace , KEN.LOVELACE@Example.com ,(657) 735-9357
c00441,  Edsger Lovelace , EDSGER.LOVELACE@Example.com ,(756) 790-5969
c00442,  Barbara Perlman , BARBARA.PERLMAN@Example.com ,(831) 340-1520
c00443,  Barbara Liskov , BARBARA.LISKOV@Example.com ,(693) 536-7236
c00444,  Barbara Turing , BARBARA.TURING@Example.com ,(846) 237-1127
c00445,  Radia Turing , RADIA.TURING@Example.com ,(225) 962-9528
c00446,  Grace Hamilton , GRACE.HAMILTON@Example.com ,(263) 455-3854
c00447,  Barbara Hopper , BARBARA.HOPPER@Example.com ,(923) 781-5521
c00448,  Linus Torvalds , LINUS.TORVALDS@Example.com ,(547) 261-4850
c00449,  Linus Lovelace , LINUS.LOVELACE@Example.com ,(833) 632-5753
c00450,  Grace Ritchie , GRACE.RITCHIE@Example.com ,(870) 784-8007
c00451,  Ken Ritchie , KEN.RITCHIE@Example.com ,(531) 209-2408
c00452,  Dennis Ritchie , DENNIS.RITCHIE@Example.com ,(917) 859-9679
c00453,  Linus Liskov , LINUS.LISKOV@Example.com ,(640) 931-3279
c00454,  Linus Liskov , LINUS.LISKOV@Example.com ,(622) 244-2581
c00455,  Dennis Torvalds , DENNIS.TORVALDS@Example.com ,(981) 696-1832
c00456,  Grace Ritchie , GRACE.RITCHIE@Example.com ,(689) 826-9193
c00457,  Grace Dijkstra , GRACE.DIJKSTRA@Example.com ,(580) 354-9279
c00458,  Barbara Turing , BARBARA.TURING@Example.com ,(917) 456-5604
c00459,  Alan Lovelace , ALAN.LOVELACE@Example.com ,(571) 999-7070
c00460,  Alan Hopper , ALAN.HOPPER@Example.com ,(490) 800-8596
c00461,  Dennis Turing , DENNIS.TURING@Example.com ,(622) 355-8035
c00462,  Edsger Lovelace , EDSGER.LOVELACE@Example.com ,(737) 674-7499
c00463,  Edsger Hopper , EDSGER.HOPPER@Example.com ,(209) 224-3220
c00464,  Barbara Torvalds , BARBARA.TORVALDS@Example.com ,(635) 438-8693
c00465,  Edsger Hamilton , EDSGER.HAMILTON@Example.com ,(320) 232-3432
c00466,  Alan Ritchie , ALAN.RITCHIE@Example.com ,(872) 386-7165
c00467,  Ada Torvalds , ADA.TORVALDS@Example.com ,(713) 399-7944
c00468,  Alan Perlman , ALAN.PERLMAN@Example.com ,(953) 712-7551
c00469,  Alan Perlman , ALAN.PERLMAN@Example.com ,(262) 881-8705
c00470,  Ada Perlman , ADA.PERLMAN@Example.com ,(649) 643-1481
c00471,  Barbara Hamilton , BARBARA.HAMILTON@Example.com ,(770) 303-3365
c00472,  Dennis Lovelace , DENNIS.LOVELACE@Example.com ,(908) 686-6268
c00473,  Linus Turing , LINUS.TURING@Example.com ,(347) 617-5572
c00474,  Dennis Turing , DENNIS.TURING@Example.com ,(919) 795-7376
c00475,  Barbara Lovelace , BARBARA.LOVELACE@Example.com ,(401) 538-7201
c00476,  Grace Torvalds , GRACE.TORVALDS@Example.com ,(292) 966-9758
c00477,  Dennis Hamilton , DENNIS.HAMILTON@Example.com ,(648) 239-3348
c00478,  Alan Thompson , ALAN.THOMPSON@Example.com ,(480) 314-5124
c00479,  Ada Lovelace , ADA.LOVELACE@Example.com ,(661) 509-2279
c00480,  Barbara Thompson , BARBARA.THOMPSON@Example.com ,(746) 320-9456
c00481,  Alan Torvalds , ALAN.TORVALDS@Example.com ,(914) 809-2344
c00482,  Barbara Dijkstra , BARBARA.DIJKSTRA@Example.com ,(444) 742-8601
c00483,  Grace Dijkstra , GRACE.DIJKSTRA@Example.com ,(791) 455-9253
c00484,  Ken Perlman , KEN.PERLMAN@Example.com ,(978) 889-5560
c00485,  Ada Hopper , ADA.HOPPER@Example.com ,(565) 509-3017
c00486,  Margaret Hopper , MARGARET.HOPPER@Example.com ,(215) 891-1428
c00487,  Margaret Dijkstra , MARGARET.DIJKSTRA@Example.com ,(510) 852-4523
c00488,  Grace Turing , GRACE.TURING@Example.com ,(327) 544-9348
c00489,  Grace Ritchie , GRACE.RITCHIE@Example.com ,(532) 852-2827
c00490,  Alan Lovelace , ALAN.LOVELACE@Example.com ,(883) 227-7958
c00491,  Radia Lovelace , RADIA.LOVELACE@Example.com ,(320) 996-2820
c00492,  Radia Turing , RADIA.TURING@Example.com ,(439) 671-1057
c00493,  Alan Hopper , ALAN.HOPPER@Example.com ,(953) 938-7100
c00494,  Grace Lovelace , GRACE.LOVELACE@Example.com ,(863) 908-1289
c00495,  Edsger Turing , EDSGER.TURING@Example.com ,(763) 599-1488
c00496,  Grace Torvalds , GRACE.TORVALDS@Example.com ,(645) 579-4572
c00497,  Edsger Liskov , EDSGER.LISKOV@Example.com ,(988) 844-8846
c00498,  Radia Ritchie , RADIA.RITCHIE@Example.com ,(796) 677-4433
c00499,  Radia Torvalds , RADIA.TORVALDS@Example.com ,(531) 287-2128
c00500,  Grace Torvalds , GRACE.TORVALDS@Example.com ,(693) 448-9271
c00501,  Edsger Hopper , EDSGER.HOPPER@Example.com ,(892) 864-3996
c00502,  Margaret Perlman , MARGARET.PERLMAN@Example.com ,(201) 853-6873
c00503,  Alan Ritchie , ALAN.RITCHIE@Example.com ,(529) 262-4163
c00504,  Ken Perlman , KEN.PERLMAN@Example.com ,(321) 515-2378
c00505,  Dennis Hopper , DENNIS.HOPPER@Example.com ,(202) 614-6412
c00506,  Ken Turing , KEN.TURING@Example.com ,(881) 257-3974
c00507,  Edsger Liskov , EDSGER.LISKOV@Example.com ,(925) 293-9951
c00508,  Grace Thompson , GRACE.THOMPSON@Example.com ,(595) 869-2420
c00509,  Dennis Hopper , DENNIS.HOPPER@Example.com ,(278) 730-2559
c00510,  Radia Torvalds , RADIA.TORVALDS@Example.com ,(225) 764-3943
c00511,  Barbara Perlman , BARBARA.PERLMAN@Example.com ,(824) 514-8868
c00512,  Radia Perlman , RADIA.PERLMAN@Example.com ,(517) 287-4687
c00513,  Ada Dijkstra , ADA.DIJKSTRA@Example.com ,(258) 667-6235
c00514,  Linus Ritchie , LINUS.RITCHIE@Example.com ,(881) 496-6641
c00515,  Ada Dijkstra , ADA.DIJKSTRA@Example.com ,(266) 981-1994
c00516,  Barbara Lovelace , BARBARA.LOVELACE@Example.com ,(229) 508-4973
c00517,  Margaret Torvalds , MARGARET.TORVALDS@Example.com ,(909) 759-9269
c00518,  Linus Torvalds , LINUS.TORVALDS@Example.com ,(459) 208-8119
c00519,  Radia Torvalds , RADIA.TORVALDS@Example.com ,(457) 743-9957
c00520,  Alan Turing , ALAN.TURING@Example.com ,(618) 774-5911
c00521,  Alan Torvalds , ALAN.TORVALDS@Example.com ,(752) 799-9271
c00522,  Margaret Dijkstra , MARGARET.DIJKSTRA@Example.com ,(548) 213-2191
c00523,  Grace Ritchie , GRACE.RITCHIE@Example.com ,(570) 570-5283
c00524,  Ken Hopper , KEN.HOPPER@Example.com ,(875) 326-8790
c00525,  Alan Liskov , ALAN.LISKOV@Example.com ,(692) 789-6755
c00526,  Margaret Ritchie , MARGARET.RITCHIE@Example.com ,(624) 398-6806
c00527,  Dennis Dijkstra , DENNIS.DIJKSTRA@Example.com ,(861) 366-2372
c00528,  Alan Hopper , ALAN.HOPPER@Example.com ,(653) 281-3609
c00529,  Ken Hamilton , KEN.HAMILTON@Example.com ,(826) 947-2520
c00530,  Barbara Hamilton , BARBARA.HAMILTON@Example.com ,(509) 758-7160
c00531,  Radia Torvalds , RADIA.TORVALDS@Example.com ,(807) 403-6089
c00532,  Grace Liskov , GRACE.LISKOV@Example.com ,(729) 538-3215
c00533,  Dennis Liskov , DENNIS.LISKOV@Example.com ,(576) 272-4265
c00534,  Margaret Perlman , MARGARET.PERLMAN@Example.com ,(514) 560-5811
c00535,  Linus Thompson , LINUS.THOMPSON@Example.com ,(994) 241-2072
c00536,  Edsger Perlman , EDSGER.PERLMAN@Example.com ,(202) 612-4276
c00537,  Ken Hamilton , KEN.HAMILTON@Example.com ,(295) 768-6768
c00538,  Barbara Thompson , BARBARA.THOMPSON@Example.com ,(252) 860-2557
c00539,  Grace Hopper , GRACE.HOPPER@Example.com ,(312) 283-9808
c00540,  Edsger Thompson , EDSGER.THOMPSON@Example.com ,(470) 324-7447
c00541,  Margaret Torvalds , MARGARET.TORVALDS@Example.com ,(305) 475-1041
c00542,  Ken Thompson , KEN.THOMPSON@Example.com ,(467) 753-3515
c00543,  Alan Hamilton , ALAN.HAMILTON@Example.com ,(392) 333-7596
c00544,  Linus Liskov , LINUS.LISKOV@Example.com ,(239) 580-6988
c00545,  Edsger Hamilton , EDSGER.HAMILTON@Example.com ,(446) 218-1103
c00546,  Alan Turing , ALAN.TURING@Example.com ,(691) 595-9359
c00547,  Grace Hamilton , GRACE.HAMILTON@Example.com ,(942) 390-2656
c00548,  Alan Ritchie , ALAN.RITCHIE@Example.com ,(263) 875-8574
c00549,  Grace Hopper , GRACE.HOPPER@Example.com ,(800) 700-3104
c00550,  Alan Lovelace , ALAN.LOVELACE@Example.com ,(293) 620-3618
c00551,  Edsger Dijkstra , EDSGER.DIJKSTRA@Example.com ,(911) 278-7628
c00552,  Barbara Perlman , BARBARA.PERLMAN@Example.com ,(257) 774-3087
c00553,  Dennis Hamilton , DENNIS.HAMILTON@Example.com ,(593) 513-9965
c00554,  Barbara Hamilton , BARBARA.HAMILTON@Example.com ,(536) 539-9462
c00555,  Ken Perlman , KEN.PERLMAN@Example.com ,(809) 936-6896
c00556,  Grace Lovelace , GRACE.LOVELACE@Example.com ,(504) 978-6353
c00557,  Grace Turing , GRACE.TURING@Example.com ,(386) 391-6194
c00558,  Dennis Hopper , DENNIS.HOPPER@Example.com ,(349) 842-6469
c00559,  Radia Hopper , RADIA.HOPPER@Example.com ,(597) 713-6085
c00560,  Radia Turing , RADIA.TURING@Example.com ,(583) 299-2737
c00561,  Ada Dijkstra , ADA.DIJKSTRA@Example.com ,(325) 219-2676
c00562,  Grace Thompson , GRACE.THOMPSON@Example.com ,(479) 435-3115
c00563,  Edsger Ritchie , EDSGER.RITCHIE@Example.com ,(301) 564-5632
c00564,  Alan Lovelace , ALAN.LOVELACE@Example.com ,(766) 882-9024
c00565,  Ken Ritchie , KEN.RITCHIE@Example.com ,(934) 545-5952
c00566,  Ken Turing , KEN.TURING@Example.com ,(479) 457-2950
c00567,  Ken Turing , KEN.TURING@Example.com ,(535) 847-7643
c00568,  Alan Turing , ALAN.TURING@Example.com ,(760) 652-1794
c00569,  Margaret Turing , MARGARET.TURING@Example.com ,(786) 661-7592
c00570,  Alan Dijkstra , ALAN.DIJKSTRA@Example.com ,(436) 659-2249
c00571,  Radia Hamilton , RADIA.HAMILTON@Example.com ,(452) 679-9362
c00572,  Edsger Hopper , EDSGER.HOPPER@Example.com ,(512) 278-7877
c00573,  Margaret Perlman , MARGARET.PERLMAN@Example.com ,(598) 624-2275
c00574,  Ada Hopper , ADA.HOPPER@Example.com ,(483) 464-8391
c00575,  Grace Turing , GRACE.TURING@Example.com ,(692) 501-7546
c00576,  Barbara Hopper , BARBARA.HOPPER@Example.com ,(574) 273-1665
c00577,  Grace Ritchie , GRACE.RITCHIE@Example.com ,(392) 465-2466
c00578,  Margaret Dijkstra , MARGARET.DIJKSTRA@Example.com ,(478) 875-2609
c00579,  Edsger Dijkstra , EDSGER.DIJKSTRA@Example.com ,(207) 245-6420
c00580,  Dennis Thompson , DENNIS.THOMPSON@Example.com ,(473) 975-2309
c00581,  Margaret Ritchie , MARGARET.RITCHIE@Example.com ,(479) 350-6144
c00582,  Radia Lovelace , RADIA.LOVELACE@Example.com ,(575) 856-6368
c00583,  Ada Hopper , ADA.HOPPER@Example.com ,(987) 345-9061
c00584,  Linus Hamilton , LINUS.HAMILTON@Example.com ,(935) 485-8401
c00585,  Grace Hamilton , GRACE.HAMILTON@Example.com ,(222) 558-1776
c00586,  Linus Lovelace , LINUS.LOVELACE@Example.com ,(641) 271-2605
c00587,  Grace Turing , GRACE.TURING@Example.com ,(584) 555-7167
c00588,  Linus Turing , LINUS.TURING@Example.com ,(313) 280-2833
c00589,  Radia Ritchie , RADIA.RITCHIE@Example.com ,(818) 921-1115
c00590,  Linus Lovelace , LINUS.LOVELACE@Example.com ,(283) 249-6634
c00591,  Barbara Torvalds , BARBARA.TORVALDS@Example.com ,(717) 514-4720
c00592,  Grace Dijkstra , GRACE.DIJKSTRA@Example.com ,(916) 634-6629
c00593,  Ada Dijkstra , ADA.DIJKSTRA@Example.com ,(614) 642-4341
c00594,  Barbara Torvalds , BARBARA.TORVALDS@Example.com ,(618) 394-5978
c00595,  Ken Hamilton , KEN.HAMILTON@Example.com ,(370) 955-5929
c00596,  Alan Perlman , ALAN.PERLMAN@Example.com ,(946) 741-3022
c00597,  Ken Lovelace , KEN.LOVELACE@Example.com ,(252) 962-2874
c00598,  Linus Hamilton , LINUS.HAMILTON@Example.com ,(398) 243-7065
c00599,  Margaret Hopper , MARGARET.HOPPER@Example.com ,(525) 675-4724
c00600,  Grace Hamilton , GRACE.HAMILTON@Example.com ,(780) 305-2380
c00601,  Grace Lovelace , GRACE.LOVELACE@Example.com ,(446) 527-2885
c00602,  Alan Hopper , ALAN.HOPPER@Example.com ,(646) 858-1785
c00603,  Dennis Thompson , DENNIS.THOMPSON@Example.com ,(868) 606-1288
c00604,  Dennis Torvalds , DENNIS.TORVALDS@Example.com ,(886) 795-8009
c00605,  Grace Thompson , GRACE.THOMPSON@Example.com ,(882) 424-2495
c00606,  Alan Perlman , ALAN.PERLMAN@Example.com ,(932) 397-2529
c00607,  Radia Hopper , RADIA.HOPPER@Example.com ,(315) 952-5941
c00608,  Edsger Turing , EDSGER.TURING@Example.com ,(455) 878-5688
c00609,  Dennis Ritchie , DENNIS.RITCHIE@Example.com ,(606) 468-7951
c00610,  Ken Torvalds , KEN.TORVALDS@Example.com ,(720) 329-5195
c00611,  Edsger Ritchie , EDSGER.RITCHIE@Example.com ,(758) 693-6607
c00612,  Dennis Thompson , DENNIS.THOMPSON@Example.com ,(939) 293-3153
c00613,  Margaret Ritchie , MARGARET.RITCHIE@Example.com ,(673) 840-1755
c00614,  Barbara Lovelace , BARBARA.LOVELACE@Example.com ,(773) 216-3750
c00615,  Ada Hopper , ADA.HOPPER@Example.com ,(872) 349-2099
c00616,  Dennis Hopper , DENNIS.HOPPER@Example.com ,(415) 290-1468
c00617,  Edsger Liskov , EDSGER.LISKOV@Example.com ,(385) 568-3752
c00618,  Ken Perlman , KEN.PERLMAN@Example.com ,(817) 734-7915
c00619,  Margaret Liskov , MARGARET.LISKOV@Example.com ,(545) 862-6321
c00620,  Ada Lovelace , ADA.LOVELACE@Example.com ,(738) 459-4250
c00621,  Grace Hopper , GRACE.HOPPER@Example.com ,(556) 238-1095
c00622,  Ken Ritchie , KEN.RITCHIE@Example.com ,(486) 959-6880
c00623,  Ken Hopper , KEN.HOPPER@Example.com ,(797) 324-5494
c00624,  Linus Hopper , LINUS.HOPPER@Example.com ,(928) 655-6431
c00625,  Grace Hamilton , GRACE.HAMILTON@Example.com ,(761) 514-8207
c00626,  Grace Hopper , GRACE.HOPPER@Example.com ,(770) 549-8797
c00627,  Barbara Perlman , BARBARA.PERLMAN@Example.com ,(629) 820-7338
c00628,  Alan Perlman , ALAN.PERLMAN@Example.com ,(838) 533-2810
c00629,  Grace Perlman , GRACE.PERLMAN@Example.com ,(919) 814-4494
c00630,  Edsger Hamilton , EDSGER.HAMILTON@Example.com ,(862) 493-9214
c00631,  Ken Torvalds , KEN.TORVALDS@Example.com ,(499) 881-1376
c00632,  Ken Dijkstra , KEN.DIJKSTRA@Example.com ,(818) 334-1756
c00633,  Radia Dijkstra , RADIA.DIJKSTRA@Example.com ,(491) 524-5742
c00634,  Dennis Liskov , DENNIS.LISKOV@Example.com ,(429) 576-4185
c00635,  Grace Liskov , GRACE.LISKOV@Example.com ,(223) 760-7068
c00636,  Edsger Dijkstra , EDSGER.DIJKSTRA@Example.com ,(252) 370-2976
c00637,  Grace Torvalds , GRACE.TORVALDS@Example.com ,(592) 908-8546
c00638,  Dennis Lovelace , DENNIS.LOVELACE@Example.com ,(595) 707-7772
c00639,  Barbara Ritchie , BARBARA.RITCHIE@Example.com ,(528) 811-8375
c00640,  Margaret Perlman , MARGARET.PERLMAN@Example.com ,(901) 705-8181
c00641,  Grace Hamilton , GRACE.HAMILTON@Example.com ,(359) 540-1599
c00642,  Dennis Hopper , DENNIS.HOPPER@Example.com ,(223) 924-3249
c00643,  Dennis Liskov , DENNIS.LISKOV@Example.com ,(229) 885-8305
c00644,  Dennis Lovelace , DENNIS.LOVELACE@Example.com ,(729) 790-5351
c00645,  Alan Dijkstra , ALAN.DIJKSTRA@Example.com ,(411) 727-1727
c00646,  Ken Torvalds , KEN.TORVALDS@Example.com ,(296) 496-5872
c00647,  Ken Dijkstra , KEN.DIJKSTRA@Example.com ,(803) 976-8186
c00648,  Ken Hopper , KEN.HOPPER@Example.com ,(927) 410-1333
c00649,  Alan Ritchie , ALAN.RITCHIE@Example.com ,(767) 386-6164
c00650,  Radia Dijkstra , RADIA.DIJKSTRA@Example.com ,(417) 834-2919
c00651,  Grace Hopper , GRACE.HOPPER@Example.com ,(433) 322-5085
c00652,  Linus Perlman , LINUS.PERLMAN@Example.com ,(458) 623-4151
c00653,  Barbara Lovelace , BARBARA.LOVELACE@Example.com ,(816) 466-3687
c00654,  Radia Thompson , RADIA.THOMPSON@Example.com ,(423) 540-3199
c00655,  Barbara Lovelace , BARBARA.LOVELACE@Example.com ,(741) 378-2819
c00656,  Edsger Perlman , EDSGER.PERLMAN@Example.com ,(213) 377-5787
c00657,  Ken Torvalds , KEN.TORVALDS@Example.com ,(371) 709-9408
c00658,  Linus Torvalds , LINUS.TORVALDS@Example.com ,(812) 386-8508
c00659,  Linus Thompson , LINUS.THOMPSON@Example.com ,(794) 562-3168
c00660,  Grace Hopper , GRACE.HOPPER@Example.com ,(845) 718-5753
c00661,  Alan Hopper , ALAN.HOPPER@Example.com ,(775) 621-3827
c00662,  Edsger Hopper , EDSGER.HOPPER@Example.com ,(326) 988-8536
c00663,  Radia Torvalds , RADIA.TORVALDS@Example.com ,(643) 423-5332
c00664,  Ada Turing , ADA.TURING@Example.com ,(626) 670-2117
c00665,  Alan Turing , ALAN.TURING@Example.com ,(909) 549-8675
c00666,  Dennis Ritchie , DENNIS.RITCHIE@Example.com ,(383) 485-2530
c00667,  Linus Liskov , LINUS.LISKOV@Example.com ,(204) 409-4353
c00668,  Dennis Hamilton , DENNIS.HAMILTON@Example.com ,(848) 535-3790
c00669,  Radia Liskov , RADIA.LISKOV@Example.com ,(369) 291-2552
c00670,  Linus Torvalds , LINUS.TORVALDS@Example.com ,(713) 254-6432
c00671,  Linus Thompson , LINUS.THOMPSON@Example.com ,(826) 357-1069
c00672,  Alan Thompson , ALAN.THOMPSON@Example.com ,(647) 586-9393
c00673,  Dennis Turing , DENNIS.TURING@Example.com ,(286) 408-6598
c00674,  Dennis Ritchie , DENNIS.RITCHIE@Example.com ,(761) 722-9438
c00675,  Alan Perlman , ALAN.PERLMAN@Example.com ,(886) 866-8743
c00676,  Grace Hopper , GRACE.HOPPER@Example.com ,(641) 991-2350
c00677,  Ken Turing , KEN.TURING@Example.com ,(939) 793-3348
c00678,  Linus Thompson , LINUS.THOMPSON@Example.com ,(712) 862-7385
c00679,  Margaret Perlman , MARGARET.PERLMAN@Example.com ,(434) 879-4080
c00680,  Linus Ritchie , LINUS.RITCHIE@Example.com ,(632) 325-1058
c00681,  Dennis Turing , DENNIS.TURING@Example.com ,(496) 956-2181
c00682,  Ken Hopper , KEN.HOPPER@Example.com ,(527) 899-4557
c00683,  Radia Torvalds , RADIA.TORVALDS@Example.com ,(262) 535-2429
c00684,  Margaret Dijkstra , MARGARET.DIJKSTRA@Example.com ,(833) 278-2643
c00685,  Alan Torvalds , ALAN.TORVALDS@Example.com ,(926) 484-7441
c00686,  Edsger Dijkstra , EDSGER.DIJKSTRA@Example.com ,(244) 874-9464
c00687,  Barbara Dijkstra , BARBARA.DIJKSTRA@Example.com ,(699) 975-6885
c00688,  Edsger Dijkstra , EDSGER.DIJKSTRA@Example.com ,(216) 557-2285
c00689,  Margaret Thompson , MARGARET.THOMPSON@Example.com ,(919) 588-9285
c00690,  Dennis Liskov , DENNIS.LISKOV@Example.com ,(700) 868-1417
c00691,  Margaret Thompson , MARGARET.THOMPSON@Example.com ,(312) 998-1929
c00692,  Alan Dijkstra , ALAN.DIJKSTRA@Example.com ,(372) 329-2666
c00693,  Grace Hamilton , GRACE.HAMILTON@Example.com ,(546) 768-9345
c00694,  Barbara Thompson , BARBARA.THOMPSON@Example.com ,(825) 214-6520
c00695,  Dennis Torvalds , DENNIS.TORVALDS@Example.com ,(704) 599-8710
c00696,  Linus Torvalds , LINUS.TORVALDS@Example.com ,(225) 678-4960
c00697,  Grace Dijkstra , GRACE.DIJKSTRA@Example.com ,(577) 877-1963
c00698,  Dennis Lovelace , DENNIS.LOVELACE@Example.com ,(863) 594-9369
c00699,  Alan Torvalds , ALAN.TORVALDS@Example.com ,(216) 634-1904
c00700,  Alan Ritchie , ALAN.RITCHIE@Example.com ,(724) 406-6169
c00701,  Dennis Ritchie , DENNIS.RITCHIE@Example.com ,(676) 763-1359
c00702,  Barbara Liskov , BARBARA.LISKOV@Example.com ,(547) 923-3938
c00703,  Ada Torvalds , ADA.TORVALDS@Example.com ,(755) 923-8479
c00704,  Ken Lovelace , KEN.LOVELACE@Example.com ,(531) 292-8266
c00705,  Ada Turing , ADA.TURING@Example.com ,(728) 546-1073
c00706,  Margaret Thompson , MARGARET.THOMPSON@Example.com ,(210) 950-6060
c00707,  Radia Dijkstra , RADIA.DIJKSTRA@Example.com ,(224) 956-2179
c00708,  Linus Liskov , LINUS.LISKOV@Example.com ,(875) 747-9322
c00709,  Ken Lovelace , KEN.LOVELACE@Example.com ,(696) 566-3052
c00710,  Radia Hamilton , RADIA.HAMILTON@Example.com ,(652) 806-4583
c00711,  Dennis Perlman , DENNIS.PERLMAN@Example.com ,(517) 481-5124
c00712,  Radia Thompson , RADIA.THOMPSON@Example.com ,(502) 628-7298
c00713,  Edsger Dijkstra , EDSGER.DIJKSTRA@Example.com ,(456) 951-6942
c00714,  Barbara Hopper , BARBARA.HOPPER@Example.com ,(393) 882-4536
c00715,  Ken Thompson , KEN.THOMPSON@Example.com ,(331) 620-2202
c00716,  Linus Dijkstra , LINUS.DIJKSTRA@Example.com ,(258) 873-1117
c00717,  Margaret Perlman , MARGARET.PERLMAN@Example.com ,(206) 275-7753
c00718,  Dennis Hopper , DENNIS.HOPPER@Example.com ,(285) 701-4958
c00719,  Alan Perlman , ALAN.PERLMAN@Example.com ,(511) 715-7673
c00720,  Edsger Hamilton , EDSGER.HAMILTON@Example.com ,(818) 777-2366
c00721,  Edsger Turing , EDSGER.TURING@Example.com ,(469) 489-8599
c00722,  Ken Hopper , KEN.HOPPER@Example.com ,(894) 956-8334
c00723,  Barbara Torvalds , BARBARA.TORVALDS@Example.com ,(731) 874-1090
c00724,  Edsger Dijkstra , EDSGER.DIJKSTRA@Example.com ,(608) 376-9632
c00725,  Dennis Turing , DENNIS.TURING@Example.com ,(447) 866-8871
c00726,  Ken Hopper , KEN.HOPPER@Example.com ,(330) 424-8453
c00727,  Alan Turing , ALAN.TURING@Example.com ,(390) 298-7922
c00728,  Barbara Turing , BARBARA.TURING@Example.com ,(877) 830-6581
c00729,  Ada Dijkstra , ADA.DIJKSTRA@Example.com ,(668) 942-9855
c00730,  Ken Liskov , KEN.LISKOV@Example.com ,(689) 656-8643
c00731,  Grace Dijkstra , GRACE.DIJKSTRA@Example.com ,(897) 478-5718
c00732,  Ken Hopper , KEN.HOPPER@Example.com ,(688) 565-9086
c00733,  Linus Hopper , LINUS.HOPPER@Example.com ,(432) 405-9006
c00734,  Linus Hopper , LINUS.HOPPER@Example.com ,(589) 857-1771
c00735,  Barbara Thompson , BARBARA.THOMPSON@Example.com ,(568) 622-6696
c00736,  Edsger Thompson , EDSGER.THOMPSON@Example.com ,(653) 864-5848
c00737,  Ken Hopper , KEN.HOPPER@Example.com ,(861) 997-1024
c00738,  Margaret Thompson , MARGARET.THOMPSON@Example.com ,(846) 363-7814
c00739,  Radia Hopper , RADIA.HOPPER@Example.com ,(759) 239-4581
c00740,  Barbara Lovelace , BARBARA.LOVELACE@Example.com ,(347) 369-8551
c00741,  Ken Torvalds , KEN.TORVALDS@Example.com ,(518) 668-7935
c00742,  Radia Perlman , RADIA.PERLMAN@Example.com ,(647) 517-2349
c00743,  Ken Thompson , KEN.THOMPSON@Example.com ,(956) 366-3460
c00744,  Linus Lovelace , LINUS.LOVELACE@Example.com ,(855) 370-1432
c00745,  Linus Ritchie , LINUS.RITCHIE@Example.com ,(890) 318-6942
c00746,  Edsger Turing , EDSGER.TURING@Example.com ,(723) 671-1602
c00747,  Margaret Perlman , MARGARET.PERLMAN@Example.com ,(774) 696-3783
c00748,  Grace Thompson , GRACE.THOMPSON@Example.com ,(969) 655-4859
c00749,  Ada Thompson , ADA.THOMPSON@Example.com ,(496) 677-3339
c00750,  Grace Dijkstra , GRACE.DIJKSTRA@Example.com ,(806) 774-3455
c00751,  Radia Turing , RADIA.TURING@Example.com ,(306) 681-5179
c00752,  Grace Torvalds , GRACE.TORVALDS@Example.com ,(781) 345-1399
c00753,  Dennis Dijkstra , DENNIS.DIJKSTRA@Example.com ,(300) 643-6181
c00754,  Barbara Liskov , BARBARA.LISKOV@Example.com ,(953) 500-1485
c00755,  Ada Turing , ADA.TURING@Example.com ,(936) 293-3903
c00756,  Dennis Dijkstra , DENNIS.DIJKSTRA@Example.com ,(444) 905-3561
c00757,  Grace Hamilton , GRACE.HAMILTON@Example.com ,(727) 964-4282
c00758,  Alan Lovelace , ALAN.LOVELACE@Example.com ,(210) 654-7821
c00759,  Edsger Ritchie , EDSGER.RITCHIE@Example.com ,(889) 486-8680
c00760,  Grace Turing , GRACE.TURING@Example.com ,(979) 635-8562
c00761,  Edsger Ritchie , EDSGER.RITCHIE@Example.com ,(226) 357-5085
c00762,  Margaret Liskov , MARGARET.LISKOV@Example.com ,(516) 577-7890
c00763,  Alan Turing , ALAN.TURING@Example.com ,(738) 421-6583
c00764,  Dennis Perlman , DENNIS.PERLMAN@Example.com ,(937) 319-3133
c00765,  Linus Thompson , LINUS.THOMPSON@Example.com ,(793) 564-9559
c00766,  Alan Thompson , ALAN.THOMPSON@Example.com ,(797) 808-7125
c00767,  Grace Liskov , GRACE.LISKOV@Example.com ,(567) 398-1886
c00768,  Ken Dijkstra , KEN.DIJKSTRA@Example.com ,(317) 606-6744
c00769,  Ada Torvalds , ADA.TORVALDS@Example.com ,(961) 936-4815
c00770,  Linus Torvalds , LINUS.TORVALDS@Example.com ,(589) 558-1052
c00771,  Edsger Lovelace , EDSGER.LOVELACE@Example.com ,(856) 439-3468
c00772,  Dennis Thompson , DENNIS.THOMPSON@Example.com ,(419) 828-3477
c00773,  Dennis Perlman , DENNIS.PERLMAN@Example.com ,(801) 557-3179
c00774,  Alan Liskov , ALAN.LISKOV@Example.com ,(642) 654-8171
c00775,  Edsger Lovelace , EDSGER.LOVELACE@Example.com ,(850) 949-7684
c00776,  Radia Turing , RADIA.TURING@Example.com ,(593) 505-1730
c00777,  Margaret Turing , MARGARET.TURING@Example.com ,(345) 205-7559
c00778,  Radia Thompson , RADIA.THOMPSON@Example.com ,(521) 897-1646
c00779,  Margaret Dijkstra , MARGARET.DIJKSTRA@Example.com ,(203) 819-6353
c00780,  Ada Hamilton , ADA.HAMILTON@Example.com ,(616) 656-1804
c00781,  Alan Ritchie , ALAN.RITCHIE@Example.com ,(722) 297-3535
c00782,  Linus Hopper , LINUS.HOPPER@Example.com ,(255) 556-8509
c00783,  Radia Turing , RADIA.TURING@Example.com ,(579) 986-4277
c00784,  Ken Hopper , KEN.HOPPER@Example.com ,(504) 332-3676
c00785,  Barbara Torvalds , BARBARA.TORVALDS@Example.com ,(482) 427-6844
c00786,  Ada Liskov , ADA.LISKOV@Example.com ,(947) 308-3249
c00787,  Radia Thompson , RADIA.THOMPSON@Example.com ,(507) 514-6765
c00788,  Grace Perlman , GRACE.PERLMAN@Example.com ,(516) 894-9238
c00789,  Dennis Liskov , DENNIS.LISKOV@Example.com ,(811) 730-4253
c00790,  Ken Liskov , KEN.LISKOV@Example.com ,(435) 206-8650
c00791,  Radia Dijkstra , RADIA.DIJKSTRA@Example.com ,(406) 701-2216
c00792,  Radia Torvalds , RADIA.TORVALDS@Example.com ,(690) 793-6706
c00793,  Linus Hamilton , LINUS.HAMILTON@Example.com ,(413) 246-8292
c00794,  Barbara Perlman , BARBARA.PERLMAN@Example.com ,(437) 925-7321
c00795,  Linus Hamilton , LINUS.HAMILTON@Example.com ,(659) 569-1764
c00796,  Ken Perlman , KEN.PERLMAN@Example.com ,(405) 850-9079
c00797,  Edsger Hamilton , EDSGER.HAMILTON@Example.com ,(417) 627-4771
c00798,  Radia Ritchie , RADIA.RITCHIE@Example.com ,(592) 920-5560
c00799,  Alan Hamilton , ALAN.HAMILTON@Example.com ,(236) 684-3953
c00800,  Dennis Hamilton , DENNIS.HAMILTON@Example.com ,(736) 375-7579
c00801,  Alan Ritchie , ALAN.RITCHIE@Example.com ,(333) 231-9760
c00802,  Radia Thompson , RADIA.THOMPSON@Example.com ,(359) 915-9909
c00803,  Radia Dijkstra , RADIA.DIJKSTRA@Example.com ,(592) 742-4661
c00804,  Edsger Hopper , EDSGER.HOPPER@Example.com ,(974) 644-5748
c00805,  Alan Dijkstra , ALAN.DIJKSTRA@Example.com ,(706) 200-9020
c00806,  Margaret Dijkstra , MARGARET.DIJKSTRA@Example.com ,(485) 289-1460
c00807,  Barbara Dijkstra , BARBARA.DIJKSTRA@Example.com ,(323) 350-6304
c00808,  Ada Hopper , ADA.HOPPER@Example.com ,(862) 638-3929
c00809,  Grace Hopper , GRACE.HOPPER@Example.com ,(849) 855-2284
c00810,  Dennis Lovelace , DENNIS.LOVELACE@Example.com ,(448) 719-9111
c00811,  Margaret Ritchie , MARGARET.RITCHIE@Example.com ,(281) 323-1309
c00812,  Ada Hamilton , ADA.HAMILTON@Example.com ,(842) 780-1146
c00813,  Alan Hamilton , ALAN.HAMILTON@Example.com ,(371) 516-1180
c00814,  Grace Perlman , GRACE.PERLMAN@Example.com ,(423) 741-4902
c00815,  Grace Thompson , GRACE.THOMPSON@Example.com ,(225) 824-4388
c00816,  Grace Perlman , GRACE.PERLMAN@Example.com ,(474) 556-1382
c00817,  Grace Hopper , GRACE.HOPPER@Example.com ,(659) 409-7544
c00818,  Alan Turing , ALAN.TURING@Example.com ,(561) 464-9717
c00819,  Edsger Turing , EDSGER.TURING@Example.com ,(442) 976-4569
c00820,  Dennis Torvalds , DENNIS.TORVALDS@Example.com ,(619) 473-5484
c00821,  Grace Turing , GRACE.TURING@Example.com ,(567) 264-3584
c00822,  Edsger Turing , EDSGER.TURING@Example.com ,(634) 387-2120
c00823,  Margaret Perlman , MARGARET.PERLMAN@Example.com ,(547) 533-9210
c00824,  Margaret Perlman , MARGARET.PERLMAN@Example.com ,(797) 602-7950
c00825,  Dennis Ritchie , DENNIS.RITCHIE@Example.com ,(681) 705-8693
c00826,  Ada Torvalds , ADA.TORVALDS@Example.com ,(523) 363-1775
c00827,  Grace Ritchie , GRACE.RITCHIE@Example.com ,(618) 379-9021
c00828,  Ada Lovelace , ADA.LOVELACE@Example.com ,(920) 590-8904
c00829,  Edsger Ritchie , EDSGER.RITCHIE@Example.com ,(425) 760-5900
c00830,  Grace Perlman , GRACE.PERLMAN@Example.com ,(449) 375-9552
c00831,  Edsger Turing , EDSGER.TURING@Example.com ,(377) 591-7612
c00832,  Radia Torvalds , RADIA.TORVALDS@Example.com ,(979) 902-7591
c00833,  Margaret Ritchie , MARGARET.RITCHIE@Example.com ,(230) 581-5000
c00834,  Radia Thompson , RADIA.THOMPSON@Example.com ,(353) 312-9224
c00835,  Grace Hopper , GRACE.HOPPER@Example.com ,(870) 221-8374
c00836,  Ada Thompson , ADA.THOMPSON@Example.com ,(571) 302-3079
c00837,  Radia Perlman , RADIA.PERLMAN@Example.com ,(460) 999-1598
c00838,  Linus Hopper , LINUS.HOPPER@Example.com ,(762) 588-8576
c00839,  Alan Hamilton , ALAN.HAMILTON@Example.com ,(749) 201-7043
c00840,  Barbara Liskov , BARBARA.LISKOV@Example.com ,(805) 276-7541
c00841,  Alan Hamilton , ALAN.HAMILTON@Example.com ,(730) 270-1643
c00842,  Barbara Thompson , BARBARA.THOMPSON@Example.com ,(935) 913-5544
c00843,  Alan Turing , ALAN.TURING@Example.com ,(454) 206-8583
c00844,  Ken Hamilton , KEN.HAMILTON@Example.com ,(718) 687-8227
c00845,  Margaret Ritchie , MARGARET.RITCHIE@Example.com ,(913) 943-9712
c00846,  Alan Lovelace , ALAN.LOVELACE@Example.com ,(483) 716-7301
c00847,  Linus Hopper , LINUS.HOPPER@Example.com ,(856) 698-4303
c00848,  Edsger Ritchie , EDSGER.RITCHIE@Example.com ,(504) 310-3712
c00849,  Edsger Hopper , EDSGER.HOPPER@Example.com ,(878) 581-4964
c00850,  Edsger Perlman , EDSGER.PERLMAN@Example.com ,(931) 391-2297
c00851,  Linus Thompson , LINUS.THOMPSON@Example.com ,(475) 352-2262
c00852,  Grace Ritchie , GRACE.RITCHIE@Example.com ,(533) 937-8191
c00853,  Grace Thompson , GRACE.THOMPSON@Example.com ,(632) 688-1089
c00854,  Edsger Thompson , EDSGER.THOMPSON@Example.com ,(336) 210-7155
c00855,  Alan Torvalds , ALAN.TORVALDS@Example.com ,(600) 857-1736
c00856,  Ken Liskov , KEN.LISKOV@Example.com ,(748) 410-3049
c00857,  Radia Perlman , RADIA.PERLMAN@Example.com ,(462) 679-4972
c00858,  Alan Lovelace , ALAN.LOVELACE@Example.com ,(673) 805-7058
c00859,  Alan Hamilton , ALAN.HAMILTON@Example.com ,(590) 882-8018
c00860,  Linus Turing , LINUS.TURING@Example.com ,(656) 443-2943
c00861,  Ken Perlman , KEN.PERLMAN@Example.com ,(873) 319-1407
c00862,  Ada Hamilton , ADA.HAMILTON@Example.com ,(527) 845-4095
c00863,  Alan Perlman , ALAN.PERLMAN@Example.com ,(687) 496-8945
c00864,  Margaret Turing , MARGARET.TURING@Example.com ,(676) 363-2456
c00865,  Grace Hopper , GRACE.HOPPER@Example.com ,(500) 792-4619
c00866,  Dennis Perlman , DENNIS.PERLMAN@Example.com ,(739) 825-5308
c00867,  Grace Lovelace , GRACE.LOVELACE@Example.com ,(672) 616-6389
c00868,  Margaret Lovelace , MARGARET.LOVELACE@Example.com ,(601) 415-8300
c00869,  Barbara Turing , BARBARA.TURING@Example.com ,(378) 988-7119
c00870,  Edsger Thompson , EDSGER.THOMPSON@Example.com ,(942) 247-4033
c00871,  Alan Thompson , ALAN.THOMPSON@Example.com ,(248) 930-9537
c00872,  Margaret Liskov , MARGARET.LISKOV@Example.com ,(670) 697-1240
c00873,  Ada Torvalds , ADA.TORVALDS@Example.com ,(777) 964-8748
c00874,  Edsger Liskov , EDSGER.LISKOV@Example.com ,(435) 706-7053
c00875,  Linus Perlman , LINUS.PERLMAN@Example.com ,(859) 665-7117
c00876,  Barbara Liskov , BARBARA.LISKOV@Example.com ,(553) 251-7705
c00877,  Linus Ritchie , LINUS.RITCHIE@Example.com ,(457) 571-8910
c00878,  Edsger Torvalds , EDSGER.TORVALDS@Example.com ,(444) 540-1984
c00879,  Ken Liskov , KEN.LISKOV@Example.com ,(763) 474-4093
c00880,  Barbara Hopper , BARBARA.HOPPER@Example.com ,(284) 265-5157
c00881,  Radia Perlman , RADIA.PERLMAN@Example.com ,(209) 998-2798
c00882,  Ken Liskov , KEN.LISKOV@Example.com ,(835) 839-7387
c00883,  Linus Ritchie , LINUS.RITCHIE@Example.com ,(725) 833-6008
c00884,  Ada Ritchie , ADA.RITCHIE@Example.com ,(926) 738-9329
c00885,  Radia Lovelace , RADIA.LOVELACE@Example.com ,(400) 986-7910
c00886,  Barbara Lovelace , BARBARA.LOVELACE@Example.com ,(675) 269-6106
c00887,  Margaret Dijkstra , MARGARET.DIJKSTRA@Example.com ,(842) 651-4006
c00888,  Edsger Lovelace , EDSGER.LOVELACE@Example.com ,(390) 772-8471
c00889,  Barbara Torvalds , BARBARA.TORVALDS@Example.com ,(837) 825-9901
c00890,  Ken Lovelace , KEN.LOVELACE@Example.com ,(328) 511-6481
c00891,  Barbara Ritchie , BARBARA.RITCHIE@Example.com ,(473) 227-9833
c00892,  Edsger Thompson , EDSGER.THOMPSON@Example.com ,(679) 921-8210
c00893,  Edsger Perlman , EDSGER.PERLMAN@Example.com ,(728) 751-5319
c00894,  Edsger Ritchie , EDSGER.RITCHIE@Example.com ,(649) 235-6502
c00895,  Alan Hopper , ALAN.HOPPER@Example.com ,(629) 940-1470
c00896,  Linus Dijkstra , LINUS.DIJKSTRA@Example.com ,(249) 220-3191
c00897,  Ken Hamilton , KEN.HAMILTON@Example.com ,(410) 797-7321
c00898,  Ken Liskov , KEN.LISKOV@Example.com ,(638) 856-9309
c00899,  Alan Hamilton , ALAN.HAMILTON@Example.com ,(672) 421-6502
c00900,  Linus Dijkstra , LINUS.DIJKSTRA@Example.com ,(340) 718-1015
c00901,  Radia Turing , RADIA.TURING@Example.com ,(621) 450-6171
c00902,  Margaret Hopper , MARGARET.HOPPER@Example.com ,(731) 360-6435
c00903,  Grace Perlman , GRACE.PERLMAN@Example.com ,(761) 676-7260
c00904,  Ken Thompson , KEN.THOMPSON@Example.com ,(623) 547-1667
c00905,  Radia Ritchie , RADIA.RITCHIE@Example.com ,(424) 681-1728
c00906,  Grace Lovelace , GRACE.LOVELACE@Example.com ,(848) 231-4803
c00907,  Margaret Lovelace , MARGARET.LOVELACE@Example.com ,(610) 838-3211
c00908,  Ada Thompson , ADA.THOMPSON@Example.com ,(524) 290-1034
c00909,  Radia Lovelace , RADIA.LOVELACE@Example.com ,(927) 404-4108
c00910,  Dennis Liskov , DENNIS.LISKOV@Example.com ,(349) 358-4063
c00911,  Dennis Thompson , DENNIS.THOMPSON@Example.com ,(963) 617-3162
c00912,  Margaret Dijkstra , MARGARET.DIJKSTRA@Example.com ,(444) 759-4768
c00913,  Ken Perlman , KEN.PERLMAN@Example.com ,(715) 498-4724
c00914,  Radia Lovelace , RADIA.LOVELACE@Example.com ,(817) 250-2487
c00915,  Linus Liskov , LINUS.LISKOV@Example.com ,(651) 628-9949
c00916,  Alan Perlman , ALAN.PERLMAN@Example.com ,(337) 653-5285
c00917,  Barbara Turing , BARBARA.TURING@Example.com ,(721) 709-9442
c00918,  Radia Hamilton , RADIA.HAMILTON@Example.com ,(288) 454-4200
c00919,  Dennis Perlman , DENNIS.PERLMAN@Example.com ,(955) 911-2676
c00920,  Linus Hopper , LINUS.HOPPER@Example.com ,(939) 409-8712
c00921,  Ada Torvalds , ADA.TORVALDS@Example.com ,(627) 826-8070
c00922,  Dennis Hamilton , DENNIS.HAMILTON@Example.com ,(673) 615-5724
c00923,  Ada Hopper , ADA.HOPPER@Example.com ,(757) 763-6143
c00924,  Alan Hopper , ALAN.HOPPER@Example.com ,(790) 437-2096
c00925,  Radia Hamilton , RADIA.HAMILTON@Example.com ,(279) 395-2069
c00926,  Ada Hopper , ADA.HOPPER@Example.com ,(631) 745-8611
c00927,  Ken Torvalds , KEN.TORVALDS@Example.com ,(775) 340-9493
c00928,  Ada Thompson , ADA.THOMPSON@Example.com ,(225) 863-4941
c00929,  Margaret Hamilton , MARGARET.HAMILTON@Example.com ,(979) 907-8508
c00930,  Grace Liskov , GRACE.LISKOV@Example.com ,(615) 941-7524
c00931,  Ken Hamilton , KEN.HAMILTON@Example.com ,(549) 942-6629
c00932,  Margaret Torvalds , MARGARET.TORVALDS@Example.com ,(380) 819-1557
c00933,  Margaret Lovelace , MARGARET.LOVELACE@Example.com ,(238) 857-5898
c00934,  Barbara Turing , BARBARA.TURING@Example.com ,(848) 627-6787
c00935,  Linus Perlman , LINUS.PERLMAN@Example.com ,(346) 877-9897
c00936,  Margaret Perlman , MARGARET.PERLMAN@Example.com ,(232) 340-2346
c00937,  Grace Turing , GRACE.TURING@Example.com ,(470) 724-1181
c00938,  Linus Liskov , LINUS.LISKOV@Example.com ,(893) 779-7589
c00939,  Ken Torvalds , KEN.TORVALDS@Example.com ,(798) 779-9458
c00940,  Grace Hopper , GRACE.HOPPER@Example.com ,(448) 973-3544
c00941,  Margaret Thompson , MARGARET.THOMPSON@Example.com ,(225) 806-3269
c00942,  Ken Torvalds , KEN.TORVALDS@Example.com ,(745) 257-6994
c00943,  Radia Hamilton , RADIA.HAMILTON@Example.com ,(282) 361-6656
c00944,  Linus Thompson , LINUS.THOMPSON@Example.com ,(346) 481-7577
c00945,  Grace Ritchie , GRACE.RITCHIE@Example.com ,(317) 320-6023
c00946,  Dennis Hamilton , DENNIS.HAMILTON@Example.com ,(202) 889-2249
c00947,  Dennis Ritchie , DENNIS.RITCHIE@Example.com ,(499) 978-1471
c00948,  Edsger Thompson , EDSGER.THOMPSON@Example.com ,(762) 339-2995
c00949,  Linus Dijkstra , LINUS.DIJKSTRA@Example.com ,(560) 737-3859
c00950,  Ken Ritchie , KEN.RITCHIE@Example.com ,(294) 685-5536
c00951,  Radia Lovelace , RADIA.LOVELACE@Example.com ,(815) 580-9951
c00952,  Linus Lovelace , LINUS.LOVELACE@Example.com ,(725) 627-1816
c00953,  Ken Lovelace , KEN.LOVELACE@Example.com ,(362) 693-3483
c00954,  Dennis Hamilton , DENNIS.HAMILTON@Example.com ,(789) 301-5330
c00955,  Radia Ritchie , RADIA.RITCHIE@Example.com ,(890) 961-5623
c00956,  Ada Liskov , ADA.LISKOV@Example.com ,(398) 267-4250
c00957,  Ada Liskov , ADA.LISKOV@Example.com ,(552) 841-5833
c00958,  Dennis Thompson , DENNIS.THOMPSON@Example.com ,(891) 701-2403
c00959,  Dennis Liskov , DENNIS.LISKOV@Example.com ,(322) 557-6796
c00960,  Edsger Liskov , EDSGER.LISKOV@Example.com ,(820) 561-2416
c00961,  Alan Perlman , ALAN.PERLMAN@Example.com ,(506) 419-9283
c00962,  Dennis Lovelace , DENNIS.LOVELACE@Example.com ,(868) 843-2474
c00963,  Ada Perlman , ADA.PERLMAN@Example.com ,(377) 488-4401
c00964,  Margaret Dijkstra , MARGARET.DIJKSTRA@Example.com ,(218) 794-9288
c00965,  Radia Perlman , RADIA.PERLMAN@Example.com ,(641) 941-9443
c00966,  Linus Hamilton , LINUS.HAMILTON@Example.com ,(487) 799-9849
c00967,  Grace Torvalds , GRACE.TORVALDS@Example.com ,(268) 254-7450
c00968,  Margaret Perlman , MARGARET.PERLMAN@Example.com ,(669) 737-7671
c00969,  Ada Hopper , ADA.HOPPER@Example.com ,(612) 505-3000
c00970,  Ada Torvalds , ADA.TORVALDS@Example.com ,(285) 566-8773
c00971,  Edsger Ritchie , EDSGER.RITCHIE@Example.com ,(849) 772-9608
c00972,  Dennis Ritchie , DENNIS.RITCHIE@Example.com ,(996) 945-6426
c00973,  Ken Ritchie , KEN.RITCHIE@Example.com ,(551) 334-6572
c00974,  Margaret Perlman , MARGARET.PERLMAN@Example.com ,(299) 255-5058
c00975,  Alan Liskov , ALAN.LISKOV@Example.com ,(858) 600-3022
c00976,  Ken Lovelace , KEN.LOVELACE@Example.com ,(574) 676-7837
c00977,  Ada Hamilton , ADA.HAMILTON@Example.com ,(243) 840-1870
c00978,  Dennis Hamilton , DENNIS.HAMILTON@Example.com ,(923) 933-5977
c00979,  Margaret Dijkstra , MARGARET.DIJKSTRA@Example.com ,(411) 399-8744
c00980,  Barbara Liskov , BARBARA.LISKOV@Example.com ,(749) 380-8734
c00981,  Radia Turing , RADIA.TURING@Example.com ,(563) 288-4692
c00982,  Dennis Perlman , DENNIS.PERLMAN@Example.com ,(854) 314-2207
c00983,  Barbara Torvalds , BARBARA.TORVALDS@Example.com ,(660) 461-7201
c00984,  Ken Perlman , KEN.PERLMAN@Example.com ,(976) 368-4146
c00985,  Margaret Hopper , MARGARET.HOPPER@Example.com ,(279) 411-5068
c00986,  Radia Turing , RADIA.TURING@Example.com ,(268) 607-1914
c00987,  Edsger Turing , EDSGER.TURING@Example.com ,(672) 947-9843
c00988,  Edsger Thompson , EDSGER.THOMPSON@Example.com ,(662) 538-5024
c00989,  Grace Hamilton , GRACE.HAMILTON@Example.com ,(856) 484-1130
c00990,  Ada Hopper , ADA.HOPPER@Example.com ,(694) 326-7333
c00991,  Barbara Hamilton , BARBARA.HAMILTON@Example.com ,(216) 705-6864
c00992,  Margaret Lovelace , MARGARET.LOVELACE@Example.com ,(361) 292-7292
c00993,  Grace Ritchie , GRACE.RITCHIE@Example.com ,(627) 984-5600
c00994,  Ken Ritchie , KEN.RITCHIE@Example.com ,(449) 695-1622
c00995,  Ada Torvalds , ADA.TORVALDS@Example.com ,(614) 813-6509
c00996,  Margaret Hamilton , MARGARET.HAMILTON@Example.com ,(922) 308-7974
c00997,  Radia Ritchie , RADIA.RITCHIE@Example.com ,(985) 885-8917
c00998,  Grace Ritchie , GRACE.RITCHIE@Example.com ,(770) 314-9977
c00999,  Ada Torvalds , ADA.TORVALDS@Example.com ,(573) 299-5187
c01000,  Ada Torvalds , ADA.TORVALDS@Example.com ,(249) 673-9916
c01001,  Alan Hopper , ALAN.HOPPER@Example.com ,(699) 593-4630
c01002,  Margaret Lovelace , MARGARET.LOVELACE@Example.com ,(442) 268-8384
c01003,  Alan Thompson , ALAN.THOMPSON@Example.com ,(861) 484-7656
c01004,  Grace Hopper , GRACE.HOPPER@Example.com ,(494) 828-2700
c01005,  Ada Torvalds , ADA.TORVALDS@Example.com ,(991) 872-1045
c01006,  Ken Turing , KEN.TURING@Example.com ,(891) 921-9628
c01007,  Alan Turing , ALAN.TURING@Example.com ,(267) 743-7165
c01008,  Grace Turing , GRACE.TURING@Example.com ,(883) 454-5771
c01009,  Alan Hamilton , ALAN.HAMILTON@Example.com ,(332) 747-8747
c01010,  Edsger Ritchie , EDSGER.RITCHIE@Example.com ,(211) 492-1741
c01011,  Margaret Torvalds , MARGARET.TORVALDS@Example.com ,(761) 967-9320
c01012,  Alan Perlman , ALAN.PERLMAN@Example.com ,(683) 532-2405
c01013,  Barbara Perlman , BARBARA.PERLMAN@Example.com ,(253) 829-8263
c01014,  Edsger Turing , EDSGER.TURING@Example.com ,(651) 801-4309
c01015,  Margaret Turing , MARGARET.TURING@Example.com ,(602) 694-4938
c01016,  Dennis Hopper , DENNIS.HOPPER@Example.com ,(535) 603-3677
c01017,  Barbara Perlman , BARBARA.PERLMAN@Example.com ,(214) 608-1733
c01018,  Edsger Thompson , EDSGER.THOMPSON@Example.com ,(612) 725-5200
c01019,  Edsger Thompson , EDSGER.THOMPSON@Example.com ,(968) 839-3632
c01020,  Alan Hopper , ALAN.HOPPER@Example.com ,(346) 903-1254
c01021,  Ada Perlman , ADA.PERLMAN@Example.com ,(217) 738-6212
c01022,  Grace Dijkstra , GRACE.DIJKSTRA@Example.com ,(422) 699-1946
c01023,  Grace Turing , GRACE.TURING@Example.com ,(391) 256-2038
c01024,  Linus Liskov , LINUS.LISKOV@Example.com ,(312) 751-7623
c01025,  Alan Liskov , ALAN.LISKOV@Example.com ,(643) 672-9247
c01026,  Alan Liskov , ALAN.LISKOV@Example.com ,(235) 569-1229
c01027,  Ken Lovelace , KEN.LOVELACE@Example.com ,(296) 415-4603
c01028,  Margaret Torvalds , MARGARET.TORVALDS@Example.com ,(488) 605-9993
c01029,  Grace Thompson , GRACE.THOMPSON@Example.com ,(902) 402-5295
c01030,  Dennis Lovelace , DENNIS.LOVELACE@Example.com ,(527) 781-5040
c01031,  Margaret Dijkstra , MARGARET.DIJKSTRA@Example.com ,(647) 620-7559
c01032,  Linus Ritchie , LINUS.RITCHIE@Example.com ,(209) 742-5075
c01033,  Alan Dijkstra , ALAN.DIJKSTRA@Example.com ,(985) 551-3304
c01034,  Grace Perlman , GRACE.PERLMAN@Example.com ,(345) 327-6469
c01035,  Margaret Perlman , MARGARET.PERLMAN@Example.com ,(881) 428-1314
c01036,  Radia Perlman , RADIA.PERLMAN@Example.com ,(369) 780-4695
c01037,  Edsger Dijkstra , EDSGER.DIJKSTRA@Example.com ,(801) 648-8313
c01038,  Barbara Ritchie , BARBARA.RITCHIE@Example.com ,(900) 628-7447
c01039,  Ada Lovelace , ADA.LOVELACE@Example.com ,(473) 955-4106
c01040,  Barbara Thompson , BARBARA.THOMPSON@Example.com ,(391) 243-8689
c01041,  Alan Ritchie , ALAN.RITCHIE@Example.com ,(354) 424-1955
c01042,  Margaret Turing , MARGARET.TURING@Example.com ,(234) 692-1036
c01043,  Ada Thompson , ADA.THOMPSON@Example.com ,(499) 954-6533
c01044,  Radia Ritchie , RADIA.RITCHIE@Example.com ,(444) 479-6787
c01045,  Grace Ritchie , GRACE.RITCHIE@Example.com ,(826) 709-3555
c01046,  Dennis Dijkstra , DENNIS.DIJKSTRA@Example.com ,(917) 768-5628
c01047,  Ken Lovelace , KEN.LOVELACE@Example.com ,(823) 346-8131
c01048,  Edsger Perlman , EDSGER.PERLMAN@Example.com ,(381) 423-4377
c01049,  Ada Turing , ADA.TURING@Example.com ,(820) 802-7741
c01050,  Linus Hamilton , LINUS.HAMILTON@Example.com ,(797) 713-7459
c01051,  Radia Hamilton , RADIA.HAMILTON@Example.com ,(436) 346-6841
c01052,  Dennis Lovelace , DENNIS.LOVELACE@Example.com ,(818) 490-1698
c01053,  Edsger Lovelace , EDSGER.LOVELACE@Example.com ,(617) 356-8730
c01054,  Alan Torvalds , ALAN.TORVALDS@Example.com ,(596) 375-1101
c01055,  Margaret Thompson , MARGARET.THOMPSON@Example.com ,(203) 592-5614
c01056,  Alan Lovelace , ALAN.LOVELACE@Example.com ,(575) 348-3006
c01057,  Grace Hamilton , GRACE.HAMILTON@Example.com ,(276) 697-2357
c01058,  Edsger Ritchie , EDSGER.RITCHIE@Example.com ,(333) 292-6582
c01059,  Grace Hamilton , GRACE.HAMILTON@Example.com ,(440) 738-1643
c01060,  Grace Thompson , GRACE.THOMPSON@Example.com ,(891) 888-5123
c01061,  Linus Turing , LINUS.TURING@Example.com ,(799) 590-3792
c01062,  Dennis Lovelace , DENNIS.LOVELACE@Example.com ,(561) 805-2872
c01063,  Grace Liskov , GRACE.LISKOV@Example.com ,(478) 201-7289
c01064,  Barbara Thompson , BARBARA.THOMPSON@Example.com ,(882) 771-6296
c01065,  Margaret Hopper , MARGARET.HOPPER@Example.com ,(966) 994-1146
c01066,  Ada Turing , ADA.TURING@Example.com ,(890) 362-4462
c01067,  Edsger Torvalds , EDSGER.TORVALDS@Example.com ,(639) 725-2777
c01068,  Margaret Lovelace , MARGARET.LOVELACE@Example.com ,(866) 779-1334
c01069,  Ken Hopper , KEN.HOPPER@Example.com ,(417) 416-9134
c01070,  Radia Hamilton , RADIA.HAMILTON@Example.com ,(350) 665-9627
c01071,  Edsger Dijkstra , EDSGER.DIJKSTRA@Example.com ,(870) 436-5526
c01072,  Alan Liskov , ALAN.LISKOV@Example.com ,(648) 748-9107
c01073,  Edsger Turing , EDSGER.TURING@Example.com ,(374) 355-1435
c01074,  Ada Hamilton , ADA.HAMILTON@Example.com ,(542) 898-6127
c01075,  Dennis Ritchie , DENNIS.RITCHIE@Example.com ,(379) 994-4118
c01076,  Ada Turing , ADA.TURING@Example.com ,(527) 758-1291
c01077,  Radia Ritchie , RADIA.RITCHIE@Example.com ,(907) 726-5186
c01078,  Margaret Hopper , MARGARET.HOPPER@Example.com ,(476) 940-8254
c01079,  Edsger Liskov , EDSGER.LISKOV@Example.com ,(315) 495-3126
c01080,  Ken Dijkstra , KEN.DIJKSTRA@Example.com ,(300) 294-1474
c01081,  Edsger Dijkstra , EDSGER.DIJKSTRA@Example.com ,(397) 981-6156
c01082,  Barbara Thompson , BARBARA.THOMPSON@Example.com ,(666) 416-5619
c01083,  Edsger Lovelace , EDSGER.LOVELACE@Example.com ,(475) 540-5632
c01084,  Barbara Torvalds , BARBARA.TORVALDS@Example.com ,(827) 437-2961
c01085,  Ken Hamilton , KEN.HAMILTON@Example.com ,(233) 469-5315
c01086,  Grace Lovelace , GRACE.LOVELACE@Example.com ,(956) 750-1874
c01087,  Edsger Perlman , EDSGER.PERLMAN@Example.com ,(764) 785-5572
c01088,  Edsger Perlman , EDSGER.PERLMAN@Example.com ,(387) 240-7762
c01089,  Alan Perlman , ALAN.PERLMAN@Example.com ,(319) 271-1714
c01090,  Grace Lovelace , GRACE.LOVELACE@Example.com ,(456) 991-7810
c01091,  Edsger Thompson , EDSGER.THOMPSON@Example.com ,(922) 327-2042
c01092,  Edsger Hopper , EDSGER.HOPPER@Example.com ,(844) 551-9606
c01093,  Edsger Torvalds , EDSGER.TORVALDS@Example.com ,(243) 363-9311
c01094,  Dennis Lovelace , DENNIS.LOVELACE@Example.com ,(687) 206-9281
c01095,  Ada Liskov , ADA.LISKOV@Example.com ,(580) 867-5251
c01096,  Edsger Liskov , EDSGER.LISKOV@Example.com ,(813) 878-2256
c01097,  Linus Torvalds , LINUS.TORVALDS@Example.com ,(998) 938-1314
c01098,  Ken Hamilton , KEN.HAMILTON@Example.com ,(646) 514-2180
c01099,  Linus Dijkstra , LINUS.DIJKSTRA@Example.com ,(819) 409-3811
c01100,  Margaret Dijkstra , MARGARET.DIJKSTRA@Example.com ,(737) 681-4453
c01101,  Barbara Torvalds , BARBARA.TORVALDS@Example.com ,(290) 590-8611
c01102,  Ken Torvalds , KEN.TORVALDS@Example.com ,(827) 731-4575
c01103,  Grace Turing , GRACE.TURING@Example.com ,(659) 562-1265
c01104,  Ken Hopper , KEN.HOPPER@Example.com ,(606) 387-7010
c01105,  Alan Hopper , ALAN.HOPPER@Example.com ,(666) 233-4506
c01106,  Ken Ritchie , KEN.RITCHIE@Example.com ,(662) 246-7645
c01107,  Edsger Lovelace , EDSGER.LOVELACE@Example.com ,(266) 219-2431
c01108,  Ken Turing , KEN.TURING@Example.com ,(835) 671-1853
c01109,  Ken Turing , KEN.TURING@Example.com ,(702) 252-3388
c01110,  Ken Turing , KEN.TURING@Example.com ,(430) 424-7823
c01111,  Linus Hamilton , LINUS.HAMILTON@Example.com ,(612) 240-8798
c01112,  Ada Thompson , ADA.THOMPSON@Example.com ,(452) 935-6915
c01113,  Ken Turing , KEN.TURING@Example.com ,(992) 628-3689
c01114,  Margaret Lovelace , MARGARET.LOVELACE@Example.com ,(507) 484-3142
c01115,  Edsger Thompson , EDSGER.THOMPSON@Example.com ,(322) 934-4376
c01116,  Ada Perlman , ADA.PERLMAN@Example.com ,(641) 465-8251
c01117,  Dennis Hamilton , DENNIS.HAMILTON@Example.com ,(664) 726-2614
c01118,  Margaret Dijkstra , MARGARET.DIJKSTRA@Example.com ,(916) 904-5991
c01119,  Radia Lovelace , RADIA.LOVELACE@Example.com ,(474) 443-7060
c01120,  Dennis Hopper , DENNIS.HOPPER@Example.com ,(553) 259-8747
c01121,  Ken Thompson , KEN.THOMPSON@Example.com ,(666) 291-8225
c01122,  Dennis Dijkstra , DENNIS.DIJKSTRA@Example.com ,(608) 798-5217
c01123,  Dennis Turing , DENNIS.TURING@Example.com ,(733) 884-3639
c01124,  Ada Hopper , ADA.HOPPER@Example.com ,(843) 542-1547
c01125,  Dennis Turing , DENNIS.TURING@Example.com ,(960) 220-8323
c01126,  Grace Liskov , GRACE.LISKOV@Example.com ,(478) 442-7075
c01127,  Dennis Hopper , DENNIS.HOPPER@Example.com ,(758) 888-1600
c01128,  Alan Torvalds , ALAN.TORVALDS@Example.com ,(354) 559-1522
c01129,  Radia Liskov , RADIA.LISKOV@Example.com ,(984) 451-9672
c01130,  Dennis Hamilton , DENNIS.HAMILTON@Example.com ,(663) 354-2882
c01131,  Margaret Torvalds , MARGARET.TORVALDS@Example.com ,(442) 244-1688
c01132,  Edsger Turing , EDSGER.TURING@Example.com ,(955) 540-6638
c01133,  Edsger Ritchie , EDSGER.RITCHIE@Example.com ,(805) 222-3425
c01134,  Ken Lovelace , KEN.LOVELACE@Example.com ,(445) 957-9018
c01135,  Barbara Lovelace , BARBARA.LOVELACE@Example.com ,(496) 568-4987
c01136,  Margaret Hamilton , MARGARET.HAMILTON@Example.com ,(398) 303-6732
c01137,  Radia Liskov , RADIA.LISKOV@Example.com ,(805) 470-5556
c01138,  Ada Ritchie , ADA.RITCHIE@Example.com ,(462) 343-4610
c01139,  Linus Hamilton , LINUS.HAMILTON@Example.com ,(746) 366-4150
c01140,  Ken Thompson , KEN.THOMPSON@Example.com ,(988) 951-4119
c01141,  Edsger Liskov , EDSGER.LISKOV@Example.com ,(328) 745-7282
c01142,  Alan Hamilton , ALAN.HAMILTON@Example.com ,(606) 395-9989
c01143,  Margaret Thompson , MARGARET.THOMPSON@Example.com ,(393) 902-6428
c01144,  Edsger Dijkstra , EDSGER.DIJKSTRA@Example.com ,(451) 988-1819
c01145,  Margaret Lovelace , MARGARET.LOVELACE@Example.com ,(532) 572-1824
c01146,  Ada Turing , ADA.TURING@Example.com ,(245) 605-6153
c01147,  Ken Turing , KEN.TURING@Example.com ,(929) 762-5374
c01148,  Ada Thompson , ADA.THOMPSON@Example.com ,(694) 382-7733
c01149,  Alan Hamilton , ALAN.HAMILTON@Example.com ,(792) 944-1259
c01150,  Margaret Dijkstra , MARGARET.DIJKSTRA@Example.com ,(905) 936-2001
c01151,  Barbara Thompson , BARBARA.THOMPSON@Example.com ,(867) 488-6875
c01152,  Ada Lovelace , ADA.LOVELACE@Example.com ,(239) 323-9237
c01153,  Grace Ritchie , GRACE.RITCHIE@Example.com ,(920) 212-3193
c01154,  Grace Perlman , GRACE.PERLMAN@Example.com ,(826) 239-5146
c01155,  Alan Hamilton , ALAN.HAMILTON@Example.com ,(758) 862-8485
c01156,  Radia Hamilton , RADIA.HAMILTON@Example.com ,(755) 809-1369
c01157,  Ada Hamilton , ADA.HAMILTON@Example.com ,(398) 778-5834
c01158,  Ken Perlman , KEN.PERLMAN@Example.com ,(464) 398-8838
c01159,  Alan Ritchie , ALAN.RITCHIE@Example.com ,(318) 409-4077
c01160,  Alan Hopper , ALAN.HOPPER@Example.com ,(952) 245-7895
c01161,  Edsger Ritchie , EDSGER.RITCHIE@Example.com ,(804) 247-6498
c01162,  Ken Hopper , KEN.HOPPER@Example.com ,(210) 754-7284
c01163,  Linus Dijkstra , LINUS.DIJKSTRA@Example.com ,(765) 524-7411
c01164,  Grace Liskov , GRACE.LISKOV@Example.com ,(787) 965-3662
c01165,  Edsger Lovelace , EDSGER.LOVELACE@Example.com ,(365) 327-2219
c01166,  Linus Hamilton , LINUS.HAMILTON@Example.com ,(429) 411-5318
c01167,  Ken Turing , KEN.TURING@Example.com ,(800) 665-4333
c01168,  Margaret Liskov , MARGARET.LISKOV@Example.com ,(270) 644-8258
c01169,  Alan Dijkstra , ALAN.DIJKSTRA@Example.com ,(404) 965-9792
c01170,  Radia Liskov , RADIA.LISKOV@Example.com ,(451) 204-8431
c01171,  Linus Perlman , LINUS.PERLMAN@Example.com ,(485) 862-9129
c01172,  Edsger Hopper , EDSGER.HOPPER@Example.com ,(352) 704-8303
c01173,  Linus Hamilton , LINUS.HAMILTON@Example.com ,(285) 754-5759
c01174,  Grace Lovelace , GRACE.LOVELACE@Example.com ,(850) 334-3942
c01175,  Margaret Perlman , MARGARET.PERLMAN@Example.com ,(294) 510-3859
c01176,  Dennis Torvalds , DENNIS.TORVALDS@Example.com ,(616) 228-1696
c01177,  Edsger Lovelace , EDSGER.LOVELACE@Example.com ,(791) 706-2692
c01178,  Radia Hamilton , RADIA.HAMILTON@Example.com ,(814) 288-6919
c01179,  Barbara Torvalds , BARBARA.TORVALDS@Example.com ,(843) 398-2907
c01180,  Edsger Hopper , EDSGER.HOPPER@Example.com ,(233) 265-7604
c01181,  Ken Dijkstra , KEN.DIJKSTRA@Example.com ,(261) 671-9597
c01182,  Linus Lovelace , LINUS.LOVELACE@Example.com ,(323) 642-8084
c01183,  Radia Hopper , RADIA.HOPPER@Example.com ,(653) 301-9844
c01184,  Alan Hopper , ALAN.HOPPER@Example.com ,(395) 421-7383
c01185,  Alan Lovelace , ALAN.LOVELACE@Example.com ,(354) 857-2241
c01186,  Dennis Hamilton , DENNIS.HAMILTON@Example.com ,(369) 975-2037
c01187,  Ken Liskov , KEN.LISKOV@Example.com ,(388) 472-4020
c01188,  Ken Turing , KEN.TURING@Example.com ,(648) 938-7865
c01189,  Barbara Ritchie , BARBARA.RITCHIE@Example.com ,(416) 658-3538
c01190,  Margaret Liskov , MARGARET.LISKOV@Example.com ,(793) 579-2643
c01191,  Margaret Dijkstra , MARGARET.DIJKSTRA@Example.com ,(254) 373-2637
c01192,  Margaret Perlman , MARGARET.PERLMAN@Example.com ,(672) 719-1481
c01193,  Edsger Thompson , EDSGER.THOMPSON@Example.com ,(898) 976-4421
c01194,  Barbara Torvalds , BARBARA.TORVALDS@Example.com ,(896) 529-4043
c01195,  Margaret Hamilton , MARGARET.HAMILTON@Example.com ,(310) 698-8617
c01196,  Ken Perlman , KEN.PERLMAN@Example.com ,(521) 550-4943
c01197,  Grace Dijkstra , GRACE.DIJKSTRA@Example.com ,(994) 950-1358
c01198,  Alan Turing , ALAN.TURING@Example.com ,(879) 682-7881
c01199,  Linus Ritchie , LINUS.RITCHIE@Example.com ,(603) 561-9331
c01200,  Ken Perlman , KEN.PERLMAN@Example.com ,(640) 237-7638
c01201,  Radia Hopper , RADIA.HOPPER@Example.com ,(524) 371-3066
c01202,  Ada Torvalds , ADA.TORVALDS@Example.com ,(596) 772-7536
c01203,  Margaret Perlman , MARGARET.PERLMAN@Example.com ,(219) 771-2809
c01204,  Alan Hamilton , ALAN.HAMILTON@Example.com ,(882) 839-9139
c01205,  Edsger Perlman , EDSGER.PERLMAN@Example.com ,(301) 813-9589
c01206,  Edsger Hamilton , EDSGER.HAMILTON@Example.com ,(587) 865-3898
c01207,  Barbara Dijkstra , BARBARA.DIJKSTRA@Example.com ,(684) 418-3602
c01208,  Radia Hopper , RADIA.HOPPER@Example.com ,(879) 229-4231
c01209,  Ada Ritchie , ADA.RITCHIE@Example.com ,(455) 504-6602
c01210,  Edsger Liskov , EDSGER.LISKOV@Example.com ,(393) 458-8405
c01211,  Ada Liskov , ADA.LISKOV@Example.com ,(417) 331-6786
c01212,  Edsger Torvalds , EDSGER.TORVALDS@Example.com ,(809) 774-4270
c01213,  Grace Ritchie , GRACE.RITCHIE@Example.com ,(384) 443-5816
c01214,  Margaret Ritchie , MARGARET.RITCHIE@Example.com ,(477) 754-6813
c01215,  Edsger Ritchie , EDSGER.RITCHIE@Example.com ,(769) 607-9017
c01216,  Ada Turing , ADA.TURING@Example.com ,(289) 707-3467
c01217,  Alan Lovelace , ALAN.LOVELACE@Example.com ,(769) 615-7851
c01218,  Radia Hopper , RADIA.HOPPER@Example.com ,(624) 249-7674
c01219,  Grace Perlman , GRACE.PERLMAN@Example.com ,(731) 989-4603
c01220,  Grace Hamilton , GRACE.HAMILTON@Example.com ,(286) 961-7480
c01221,  Edsger Hopper , EDSGER.HOPPER@Example.com ,(292) 705-6747
c01222,  Ken Torvalds , KEN.TORVALDS@Example.com ,(373) 313-3958
c01223,  Ken Lovelace , KEN.LOVELACE@Example.com ,(786) 451-3747
c01224,  Dennis Perlman , DENNIS.PERLMAN@Example.com ,(790) 941-8630
c01225,  Margaret Hamilton , MARGARET.HAMILTON@Example.com ,(951) 805-1231
c01226,  Alan Dijkstra , ALAN.DIJKSTRA@Example.com ,(304) 966-8710
c01227,  Edsger Liskov , EDSGER.LISKOV@Example.com ,(694) 237-8211
c01228,  Grace Perlman , GRACE.PERLMAN@Example.com ,(425) 238-6530
c01229,  Radia Hamilton , RADIA.HAMILTON@Example.com ,(775) 314-3273
c01230,  Alan Ritchie , ALAN.RITCHIE@Example.com ,(473) 453-5130
c01231,  Edsger Lovelace , EDSGER.LOVELACE@Example.com ,(601) 291-9339
c01232,  Edsger Perlman , EDSGER.PERLMAN@Example.com ,(805) 491-1792
c01233,  Radia Ritchie , RADIA.RITCHIE@Example.com ,(397) 909-7107
c01234,  Radia Hopper , RADIA.HOPPER@Example.com ,(568) 427-6446
c01235,  Grace Dijkstra , GRACE.DIJKSTRA@Example.com ,(807) 811-7314
c01236,  Alan Liskov , ALAN.LISKOV@Example.com ,(826) 366-5133
c01237,  Alan Turing , ALAN.TURING@Example.com ,(747) 812-8295
c01238,  Edsger Lovelace , EDSGER.LOVELACE@Example.com ,(741) 560-7243
c01239,  Dennis Lovelace , DENNIS.LOVELACE@Example.com ,(455) 492-7133
c01240,  Radia Hopper , RADIA.HOPPER@Example.com ,(942) 377-8498
c01241,  Alan Hopper , ALAN.HOPPER@Example.com ,(942) 949-4617
c01242,  Alan Liskov , ALAN.LISKOV@Example.com ,(407) 370-8823
c01243,  Ada Turing , ADA.TURING@Example.com ,(855) 285-8578
c01244,  Dennis Thompson , DENNIS.THOMPSON@Example.com ,(621) 350-6866
c01245,  Dennis Torvalds , DENNIS.TORVALDS@Example.com ,(240) 644-8564
c01246,  Grace Perlman , GRACE.PERLMAN@Example.com ,(858) 822-1940
c01247,  Edsger Turing , EDSGER.TURING@Example.com ,(822) 686-5834
c01248,  Linus Hamilton , LINUS.HAMILTON@Example.com ,(967) 846-4560
c01249,  Margaret Turing , MARGARET.TURING@Example.com ,(418) 632-4781
c01250,  Linus Liskov , LINUS.LISKOV@Example.com ,(416) 562-4353
c01251,  Margaret Hopper , MARGARET.HOPPER@Example.com ,(643) 725-3637
c01252,  Linus Turing , LINUS.TURING@Example.com ,(587) 871-5737
c01253,  Alan Lovelace , ALAN.LOVELACE@Example.com ,(461) 962-8474
c01254,  Linus Ritchie , LINUS.RITCHIE@Example.com ,(226) 579-1598
c01255,  Dennis Dijkstra , DENNIS.DIJKSTRA@Example.com ,(525) 451-4893
c01256,  Linus Dijkstra , LINUS.DIJKSTRA@Example.com ,(275) 442-1974
c01257,  Grace Perlman , GRACE.PERLMAN@Example.com ,(920) 656-6686
c01258,  Margaret Hopper , MARGARET.HOPPER@Example.com ,(231) 213-5451
c01259,  Linus Hopper , LINUS.HOPPER@Example.com ,(493) 692-5077
c01260,  Barbara Torvalds , BARBARA.TORVALDS@Example.com ,(408) 807-3892
c01261,  Barbara Hopper , BARBARA.HOPPER@Example.com ,(691) 301-3249
c01262,  Barbara Liskov , BARBARA.LISKOV@Example.com ,(742) 211-4001
c01263,  Barbara Ritchie , BARBARA.RITCHIE@Example.com ,(527) 367-4266
c01264,  Radia Perlman , RADIA.PERLMAN@Example.com ,(230) 863-8635
c01265,  Ada Hopper , ADA.HOPPER@Example.com ,(690) 546-6267
c01266,  Ken Turing , KEN.TURING@Example.com ,(544) 916-5595
c01267,  Dennis Liskov , DENNIS.LISKOV@Example.com ,(328) 488-6133
c01268,  Ken Hopper , KEN.HOPPER@Example.com ,(278) 383-9789
c01269,  Linus Turing , LINUS.TURING@Example.com ,(429) 975-5220
c01270,  Linus Dijkstra , LINUS.DIJKSTRA@Example.com ,(317) 301-8755
c01271,  Ada Turing , ADA.TURING@Example.com ,(375) 382-3655
c01272,  Grace Lovelace , GRACE.LOVELACE@Example.com ,(463) 724-5337
c01273,  Ken Liskov , KEN.LISKOV@Example.com ,(897) 355-3145
c01274,  Ada Turing , ADA.TURING@Example.com ,(871) 670-9773
c01275,  Alan Ritchie , ALAN.RITCHIE@Example.com ,(250) 552-8848
c01276,  Dennis Perlman , DENNIS.PERLMAN@Example.com ,(449) 918-9041
c01277,  Grace Liskov , GRACE.LISKOV@Example.com ,(606) 651-9691
c01278,  Margaret Hopper , MARGARET.HOPPER@Example.com ,(845) 456-2933
c01279,  Ada Hopper , ADA.HOPPER@Example.com ,(707) 864-5822
c01280,  Alan Lovelace , ALAN.LOVELACE@Example.com ,(314) 373-4994
c01281,  Barbara Hamilton , BARBARA.HAMILTON@Example.com ,(396) 897-1685
c01282,  Dennis Hopper , DENNIS.HOPPER@Example.com ,(752) 479-3292
c01283,  Alan Dijkstra , ALAN.DIJKSTRA@Example.com ,(470) 993-6164
c01284,  Edsger Turing , EDSGER.TURING@Example.com ,(991) 949-8708
c01285,  Grace Hopper , GRACE.HOPPER@Example.com ,(359) 970-3570
c01286,  Radia Ritchie , RADIA.RITCHIE@Example.com ,(242) 538-9490
c01287,  Grace Perlman , GRACE.PERLMAN@Example.com ,(823) 812-3277
c01288,  Barbara Dijkstra , BARBARA.DIJKSTRA@Example.com ,(689) 460-9533
c01289,  Radia Torvalds , RADIA.TORVALDS@Example.com ,(950) 262-3806
c01290,  Ken Torvalds , KEN.TORVALDS@Example.com ,(979) 246-6111
c01291,  Radia Lovelace , RADIA.LOVELACE@Example.com ,(508) 923-1654
c01292,  Alan Liskov , ALAN.LISKOV@Example.com ,(937) 827-3591
c01293,  Ada Torvalds , ADA.TORVALDS@Example.com ,(589) 850-6870
c01294,  Alan Lovelace , ALAN.LOVELACE@Example.com ,(860) 259-9319
c01295,  Edsger Hopper , EDSGER.HOPPER@Example.com ,(585) 798-2305
c01296,  Ken Turing , KEN.TURING@Example.com ,(654) 588-9483
c01297,  Alan Lovelace , ALAN.LOVELACE@Example.com ,(571) 208-3948
c01298,  Ken Liskov , KEN.LISKOV@Example.com ,(625) 328-9110
c01299,  Grace Turing , GRACE.TURING@Example.com ,(534) 408-9861
c01300,  Edsger Dijkstra , EDSGER.DIJKSTRA@Example.com ,(884) 913-6263
c01301,  Grace Turing , GRACE.TURING@Example.com ,(865) 436-1658
c01302,  Margaret Torvalds , MARGARET.TORVALDS@Example.com ,(608) 884-3106
c01303,  Ada Ritchie , ADA.RITCHIE@Example.com ,(319) 288-7320
c01304,  Edsger Liskov , EDSGER.LISKOV@Example.com ,(633) 500-5589
c01305,  Alan Perlman , ALAN.PERLMAN@Example.com ,(777) 697-1302
c01306,  Barbara Thompson , BARBARA.THOMPSON@Example.com ,(634) 487-6896
c01307,  Margaret Ritchie , MARGARET.RITCHIE@Example.com ,(784) 243-1185
c01308,  Barbara Perlman , BARBARA.PERLMAN@Example.com ,(786) 849-9847
c01309,  Grace Hamilton , GRACE.HAMILTON@Example.com ,(206) 741-8256
c01310,  Edsger Lovelace , EDSGER.LOVELACE@Example.com ,(465) 750-1482
c01311,  Ada Hopper , ADA.HOPPER@Example.com ,(775) 912-7635
c01312,  Grace Dijkstra , GRACE.DIJKSTRA@Example.com ,(395) 382-7329
c01313,  Radia Perlman , RADIA.PERLMAN@Example.com ,(398) 412-7886
c01314,  Ada Perlman , ADA.PERLMAN@Example.com ,(933) 434-1238
c01315,  Ken Dijkstra , KEN.DIJKSTRA@Example.com ,(622) 291-8092
c01316,  Dennis Hopper , DENNIS.HOPPER@Example.com ,(542) 895-3315
c01317,  Barbara Dijkstra , BARBARA.DIJKSTRA@Example.com ,(679) 287-2101
c01318,  Radia Hamilton , RADIA.HAMILTON@Example.com ,(954) 436-3856
c01319,  Ada Torvalds , ADA.TORVALDS@Example.com ,(572) 590-8280
c01320,  Linus Hopper , LINUS.HOPPER@Example.com ,(454) 222-1622
c01321,  Linus Hamilton , LINUS.HAMILTON@Example.com ,(518) 395-2919
c01322,  Ada Hamilton , ADA.HAMILTON@Example.com ,(287) 973-8526
c01323,  Ada Ritchie , ADA.RITCHIE@Example.com ,(891) 449-3244
c01324,  Ken Lovelace , KEN.LOVELACE@Example.com ,(418) 811-8285
c01325,  Alan Turing , ALAN.TURING@Example.com ,(798) 611-1457
c01326,  Edsger Turing , EDSGER.TURING@Example.com ,(682) 951-8623
c01327,  Alan Hamilton , ALAN.HAMILTON@Example.com ,(980) 466-9337
c01328,  Alan Lovelace , ALAN.LOVELACE@Example.com ,(367) 665-9310
c01329,  Margaret Liskov , MARGARET.LISKOV@Example.com ,(749) 916-2658
c01330,  Barbara Ritchie , BARBARA.RITCHIE@Example.com ,(647) 572-3899
c01331,  Ken Thompson , KEN.THOMPSON@Example.com ,(237) 503-1496
c01332,  Ada Torvalds , ADA.TORVALDS@Example.com ,(819) 392-2291
c01333,  Ken Thompson , KEN.THOMPSON@Example.com ,(248) 857-9050
c01334,  Edsger Liskov , EDSGER.LISKOV@Example.com ,(743) 245-2159
c01335,  Ken Hopper , KEN.HOPPER@Example.com ,(470) 991-2292
c01336,  Alan Hamilton , ALAN.HAMILTON@Example.com ,(889) 370-1152
c01337,  Grace Lovelace , GRACE.LOVELACE@Example.com ,(298) 716-8751
c01338,  Ken Dijkstra , KEN.DIJKSTRA@Example.com ,(741) 276-2995
c01339,  Grace Turing , GRACE.TURING@Example.com ,(872) 663-8929
c01340,  Dennis Dijkstra , DENNIS.DIJKSTRA@Example.com ,(507) 235-1823
c01341,  Radia Lovelace , RADIA.LOVELACE@Example.com ,(400) 430-7911
c01342,  Barbara Lovelace , BARBARA.LOVELACE@Example.com ,(491) 363-7863
c01343,  Ken Ritchie , KEN.RITCHIE@Example.com ,(884) 350-8421
c01344,  Barbara Turing , BARBARA.TURING@Example.com ,(378) 410-6569
c01345,  Barbara Hopper , BARBARA.HOPPER@Example.com ,(644) 265-1638
c01346,  Barbara Torvalds , BARBARA.TORVALDS@Example.com ,(615) 921-4364
c01347,  Barbara Liskov , BARBARA.LISKOV@Example.com ,(276) 547-1042
c01348,  Dennis Torvalds , DENNIS.TORVALDS@Example.com ,(476) 268-7984
c01349,  Alan Lovelace , ALAN.LOVELACE@Example.com ,(206) 911-6719
c01350,  Dennis Turing , DENNIS.TURING@Example.com ,(450) 724-4482
c01351,  Edsger Ritchie , EDSGER.RITCHIE@Example.com ,(241) 368-5571
c01352,  Margaret Liskov , MARGARET.LISKOV@Example.com ,(700) 713-7886
c01353,  Dennis Lovelace , DENNIS.LOVELACE@Example.com ,(442) 636-3753
c01354,  Linus Liskov , LINUS.LISKOV@Example.com ,(932) 394-4380
c01355,  Ken Ritchie , KEN.RITCHIE@Example.com ,(935) 639-4509
c01356,  Ken Thompson , KEN.THOMPSON@Example.com ,(267) 923-9296
c01357,  Ken Perlman , KEN.PERLMAN@Example.com ,(505) 430-3463
c01358,  Barbara Dijkstra , BARBARA.DIJKSTRA@Example.com ,(206) 496-2991
c01359,  Alan Dijkstra , ALAN.DIJKSTRA@Example.com ,(268) 792-5675
c01360,  Grace Torvalds , GRACE.TORVALDS@Example.com ,(534) 729-8693
c01361,  Grace Hopper , GRACE.HOPPER@Example.com ,(213) 955-2182
c01362,  Barbara Turing , BARBARA.TURING@Example.com ,(372) 336-8025
c01363,  Linus Thompson , LINUS.THOMPSON@Example.com ,(886) 314-2752
c01364,  Margaret Torvalds , MARGARET.TORVALDS@Example.com ,(637) 228-6723
c01365,  Alan Dijkstra , ALAN.DIJKSTRA@Example.com ,(694) 743-6203
c01366,  Margaret Turing , MARGARET.TURING@Example.com ,(347) 632-7812
c01367,  Radia Dijkstra , RADIA.DIJKSTRA@Example.com ,(468) 378-4880
c01368,  Linus Turing , LINUS.TURING@Example.com ,(877) 356-3416
c01369,  Linus Hopper , LINUS.HOPPER@Example.com ,(923) 365-7558
c01370,  Grace Turing , GRACE.TURING@Example.com ,(760) 685-3623
c01371,  Grace Hamilton , GRACE.HAMILTON@Example.com ,(939) 770-8805
c01372,  Barbara Turing , BARBARA.TURING@Example.com ,(560) 817-2646
c01373,  Alan Torvalds , ALAN.TORVALDS@Example.com ,(912) 499-7880
c01374,  Linus Lovelace , LINUS.LOVELACE@Example.com ,(474) 371-2735
c01375,  Linus Perlman , LINUS.PERLMAN@Example.com ,(390) 772-9166
c01376,  Linus Ritchie , LINUS.RITCHIE@Example.com ,(340) 309-6843
c01377,  Grace Thompson , GRACE.THOMPSON@Example.com ,(534) 708-3677
c01378,  Ken Ritchie , KEN.RITCHIE@Example.com ,(480) 585-3367
c01379,  Ken Liskov , KEN.LISKOV@Example.com ,(284) 536-2547
c01380,  Alan Turing , ALAN.TURING@Example.com ,(559) 715-6809
c01381,  Margaret Perlman , MARGARET.PERLMAN@Example.com ,(276) 639-3477
c01382,  Alan Liskov , ALAN.LISKOV@Example.com ,(857) 363-7812
c01383,  Barbara Ritchie , BARBARA.RITCHIE@Example.com ,(709) 611-6153
c01384,  Ada Hamilton , ADA.HAMILTON@Example.com ,(982) 827-9977
c01385,  Radia Thompson , RADIA.THOMPSON@Example.com ,(442) 878-8553
c01386,  Alan Perlman , ALAN.PERLMAN@Example.com ,(645) 263-2385
c01387,  Dennis Dijkstra , DENNIS.DIJKSTRA@Example.com ,(384) 814-9748
c01388,  Dennis Perlman , DENNIS.PERLMAN@Example.com ,(754) 437-5394
c01389,  Grace Lovelace , GRACE.LOVELACE@Example.com ,(364) 792-3249
c01390,  Radia Hamilton , RADIA.HAMILTON@Example.com ,(464) 702-1960
c01391,  Grace Perlman , GRACE.PERLMAN@Example.com ,(259) 832-5346
c01392,  Barbara Lovelace , BARBARA.LOVELACE@Example.com ,(800) 477-3480
c01393,  Dennis Perlman , DENNIS.PERLMAN@Example.com ,(723) 523-8844
c01394,  Ada Hamilton , ADA.HAMILTON@Example.com ,(391) 306-2328
c01395,  Edsger Turing , EDSGER.TURING@Example.com ,(680) 981-2655
c01396,  Linus Thompson , LINUS.THOMPSON@Example.com ,(473) 574-8571
c01397,  Dennis Hopper , DENNIS.HOPPER@Example.com ,(481) 409-3702
c01398,  Ada Liskov , ADA.LISKOV@Example.com ,(803) 570-9442
c01399,  Margaret Turing , MARGARET.TURING@Example.com ,(723) 339-2527
c01400,  Barbara Ritchie , BARBARA.RITCHIE@Example.com ,(807) 724-6946
c01401,  Ken Thompson , KEN.THOMPSON@Example.com ,(902) 867-1376
c01402,  Edsger Dijkstra , EDSGER.DIJKSTRA@Example.com ,(370) 314-6965
c01403,  Ada Liskov , ADA.LISKOV@Example.com ,(280) 968-7644
c01404,  Barbara Hopper , BARBARA.HOPPER@Example.com ,(248) 802-2523
c01405,  Edsger Perlman , EDSGER.PERLMAN@Example.com ,(398) 777-2170
c01406,  Edsger Hopper , EDSGER.HOPPER@Example.com ,(761) 610-4020
c01407,  Alan Liskov , ALAN.LISKOV@Example.com ,(576) 707-4137
c01408,  Margaret Lovelace , MARGARET.LOVELACE@Example.com ,(797) 820-8283
c01409,  Edsger Dijkstra , EDSGER.DIJKSTRA@Example.com ,(764) 754-2099
c01410,  Margaret Ritchie , MARGARET.RITCHIE@Example.com ,(782) 410-6210
c01411,  Margaret Hopper , MARGARET.HOPPER@Example.com ,(849) 597-7035
c01412,  Ada Thompson , ADA.THOMPSON@Example.com ,(868) 253-3646
c01413,  Edsger Ritchie , EDSGER.RITCHIE@Example.com ,(263) 358-2115
c01414,  Linus Turing , LINUS.TURING@Example.com ,(794) 424-9169
c01415,  Linus Ritchie , LINUS.RITCHIE@Example.com ,(893) 923-5981
c01416,  Ada Lovelace , ADA.LOVELACE@Example.com ,(548) 694-5531
c01417,  Ada Hopper , ADA.HOPPER@Example.com ,(355) 810-5019
c01418,  Ken Torvalds , KEN.TORVALDS@Example.com ,(481) 448-8012
c01419,  Ada Hopper , ADA.HOPPER@Example.com ,(968) 805-2947
c01420,  Barbara Perlman , BARBARA.PERLMAN@Example.com ,(460) 643-1599
c01421,  Radia Ritchie , RADIA.RITCHIE@Example.com ,(597) 925-4391
c01422,  Grace Turing , GRACE.TURING@Example.com ,(666) 503-9727
c01423,  Linus Turing , LINUS.TURING@Example.com ,(478) 278-2299
c01424,  Radia Turing , RADIA.TURING@Example.com ,(313) 706-9270
c01425,  Barbara Lovelace , BARBARA.LOVELACE@Example.com ,(927) 878-8919
c01426,  Margaret Perlman , MARGARET.PERLMAN@Example.com ,(725) 448-9696
c01427,  Ken Hopper , KEN.HOPPER@Example.com ,(844) 437-6823
c01428,  Edsger Dijkstra , EDSGER.DIJKSTRA@Example.com ,(738) 845-3842
c01429,  Alan Turing , ALAN.TURING@Example.com ,(833) 344-2600
c01430,  Alan Liskov , ALAN.LISKOV@Example.com ,(934) 933-5409
c01431,  Ada Hopper , ADA.HOPPER@Example.com ,(992) 594-1791
c01432,  Ada Thompson , ADA.THOMPSON@Example.com ,(523) 755-4361
c01433,  Ada Turing , ADA.TURING@Example.com ,(383) 704-3492
c01434,  Grace Liskov , GRACE.LISKOV@Example.com ,(623) 202-3775
c01435,  Ken Lovelace , KEN.LOVELACE@Example.com ,(465) 734-3254
c01436,  Edsger Torvalds , EDSGER.TORVALDS@Example.com ,(812) 773-9772
c01437,  Alan Lovelace , ALAN.LOVELACE@Example.com ,(317) 593-3007
c01438,  Barbara Torvalds , BARBARA.TORVALDS@Example.com ,(380) 766-5852
c01439,  Linus Hamilton , LINUS.HAMILTON@Example.com ,(767) 552-2111
c01440,  Margaret Turing , MARGARET.TURING@Example.com ,(362) 352-8286
c01441,  Linus Ritchie , LINUS.RITCHIE@Example.com ,(915) 422-3453
c01442,  Linus Ritchie , LINUS.RITCHIE@Example.com ,(647) 718-7173
c01443,  Edsger Hamilton , EDSGER.HAMILTON@Example.com ,(436) 209-8749
c01444,  Dennis Dijkstra , DENNIS.DIJKSTRA@Example.com ,(310) 716-3096
c01445,  Grace Dijkstra , GRACE.DIJKSTRA@Example.com ,(788) 559-3229
c01446,  Grace Hopper , GRACE.HOPPER@Example.com ,(719) 725-3838
c01447,  Edsger Hamilton , EDSGER.HAMILTON@Example.com ,(796) 665-3285
c01448,  Alan Torvalds , ALAN.TORVALDS@Example.com ,(715) 646-2113
c01449,  Edsger Ritchie , EDSGER.RITCHIE@Example.com ,(556) 980-6548
c01450,  Grace Turing , GRACE.TURING@Example.com ,(394) 379-7687
c01451,  Grace Turing , GRACE.TURING@Example.com ,(362) 932-8521
c01452,  Dennis Liskov , DENNIS.LISKOV@Example.com ,(904) 526-5151
c01453,  Ken Dijkstra , KEN.DIJKSTRA@Example.com ,(982) 615-8954
c01454,  Radia Turing , RADIA.TURING@Example.com ,(954) 367-1823
c01455,  Margaret Turing , MARGARET.TURING@Example.com ,(880) 712-2451
c01456,  Ada Turing , ADA.TURING@Example.com ,(560) 368-3211
c01457,  Ada Perlman , ADA.PERLMAN@Example.com ,(807) 589-9397
c01458,  Alan Hamilton , ALAN.HAMILTON@Example.com ,(888) 587-4422
c01459,  Linus Perlman , LINUS.PERLMAN@Example.com ,(721) 899-8439
c01460,  Barbara Lovelace , BARBARA.LOVELACE@Example.com ,(849) 353-2293
c01461,  Barbara Thompson , BARBARA.THOMPSON@Example.com ,(520) 268-9806
c01462,  Alan Thompson , ALAN.THOMPSON@Example.com ,(338) 253-2126
c01463,  Margaret Ritchie , MARGARET.RITCHIE@Example.com ,(707) 856-8489
c01464,  Edsger Thompson , EDSGER.THOMPSON@Example.com ,(486) 564-7448
c01465,  Ken Hamilton , KEN.HAMILTON@Example.com ,(794) 243-4547
c01466,  Linus Dijkstra , LINUS.DIJKSTRA@Example.com ,(650) 274-3171
c01467,  Grace Turing , GRACE.TURING@Example.com ,(734) 839-6095
c01468,  Ada Torvalds , ADA.TORVALDS@Example.com ,(791) 894-7615
c01469,  Dennis Torvalds , DENNIS.TORVALDS@Example.com ,(845) 713-2821
c01470,  Grace Lovelace , GRACE.LOVELACE@Example.com ,(533) 370-2740
c01471,  Radia Dijkstra , RADIA.DIJKSTRA@Example.com ,(449) 472-2833
c01472,  Dennis Hopper , DENNIS.HOPPER@Example.com ,(561) 787-1250
c01473,  Edsger Perlman , EDSGER.PERLMAN@Example.com ,(444) 480-9789
c01474,  Ada Thompson , ADA.THOMPSON@Example.com ,(860) 642-9605
c01475,  Margaret Lovelace , MARGARET.LOVELACE@Example.com ,(744) 828-3885
c01476,  Ada Hamilton , ADA.HAMILTON@Example.com ,(783) 381-4606
c01477,  Radia Ritchie , RADIA.RITCHIE@Example.com ,(256) 804-6517
c01478,  Linus Torvalds , LINUS.TORVALDS@Example.com ,(221) 897-6263
c01479,  Linus Torvalds , LINUS.TORVALDS@Example.com ,(343) 806-4581
c01480,  Dennis Dijkstra , DENNIS.DIJKSTRA@Example.com ,(273) 343-9083
c01481,  Margaret Lovelace , MARGARET.LOVELACE@Example.com ,(261) 330-3111
c01482,  Dennis Turing , DENNIS.TURING@Example.com ,(553) 222-8762
c01483,  Grace Torvalds , GRACE.TORVALDS@Example.com ,(545) 607-3662
c01484,  Ken Perlman , KEN.PERLMAN@Example.com ,(428) 257-3602
c01485,  Ada Thompson , ADA.THOMPSON@Example.com ,(941) 793-8569
c01486,  Linus Hamilton , LINUS.HAMILTON@Example.com ,(555) 786-6922
c01487,  Margaret Perlman , MARGARET.PERLMAN@Example.com ,(921) 915-4942
c01488,  Alan Perlman , ALAN.PERLMAN@Example.com ,(312) 591-9516
c01489,  Barbara Dijkstra , BARBARA.DIJKSTRA@Example.com ,(463) 561-3870
c01490,  Radia Hopper , RADIA.HOPPER@Example.com ,(434) 627-6569
c01491,  Barbara Hamilton , BARBARA.HAMILTON@Example.com ,(741) 795-3845
c01492,  Barbara Lovelace , BARBARA.LOVELACE@Example.com ,(953) 482-4424
c01493,  Radia Liskov , RADIA.LISKOV@Example.com ,(249) 509-4885
c01494,  Linus Turing , LINUS.TURING@Example.com ,(206) 295-2613
c01495,  Ada Liskov , ADA.LISKOV@Example.com ,(765) 676-9013
c01496,  Grace Hopper , GRACE.HOPPER@Example.com ,(963) 899-7903
c01497,  Linus Ritchie , LINUS.RITCHIE@Example.com ,(210) 936-3207
c01498,  Radia Turing , RADIA.TURING@Example.com ,(553) 461-2957
c01499,  Linus Liskov , LINUS.LISKOV@Example.com ,(571) 471-5862
c01500,  Dennis Perlman , DENNIS.PERLMAN@Example.com ,(209) 746-8369
c01501,  Ada Hopper , ADA.HOPPER@Example.com ,(231) 336-6966
c01502,  Edsger Perlman , EDSGER.PERLMAN@Example.com ,(248) 593-9616
c01503,  Linus Hamilton , LINUS.HAMILTON@Example.com ,(480) 915-5330
c01504,  Grace Hopper , GRACE.HOPPER@Example.com ,(694) 434-3022
c01505,  Grace Perlman , GRACE.PERLMAN@Example.com ,(212) 988-5715
c01506,  Alan Lovelace , ALAN.LOVELACE@Example.com ,(704) 510-2398
c01507,  Edsger Turing , EDSGER.TURING@Example.com ,(683) 415-6067
c01508,  Ada Dijkstra , ADA.DIJKSTRA@Example.com ,(987) 239-6151
c01509,  Radia Ritchie , RADIA.RITCHIE@Example.com ,(916) 232-3548
c01510,  Grace Liskov , GRACE.LISKOV@Example.com ,(239) 387-6635
c01511,  Margaret Lovelace , MARGARET.LOVELACE@Example.com ,(826) 728-7580
c01512,  Ken Ritchie , KEN.RITCHIE@Example.com ,(635) 748-7036
c01513,  Barbara Thompson , BARBARA.THOMPSON@Example.com ,(856) 701-4166
c01514,  Edsger Perlman , EDSGER.PERLMAN@Example.com ,(477) 654-9793
c01515,  Margaret Perlman , MARGARET.PERLMAN@Example.com ,(318) 935-9267
c01516,  Dennis Lovelace , DENNIS.LOVELACE@Example.com ,(733) 580-1581
c01517,  Alan Hopper , ALAN.HOPPER@Example.com ,(949) 593-1980
c01518,  Barbara Ritchie , BARBARA.RITCHIE@Example.com ,(390) 253-9912
c01519,  Grace Liskov , GRACE.LISKOV@Example.com ,(800) 407-3621
c01520,  Ada Turing , ADA.TURING@Example.com ,(341) 613-1808
c01521,  Linus Thompson , LINUS.THOMPSON@Example.com ,(552) 839-1125
c01522,  Linus Ritchie , LINUS.RITCHIE@Example.com ,(642) 466-3594
c01523,  Ken Hamilton , KEN.HAMILTON@Example.com ,(537) 907-6895
c01524,  Grace Torvalds , GRACE.TORVALDS@Example.com ,(288) 266-5688
c01525,  Ada Hamilton , ADA.HAMILTON@Example.com ,(326) 864-7512
c01526,  Alan Ritchie , ALAN.RITCHIE@Example.com ,(205) 935-1880
c01527,  Alan Liskov , ALAN.LISKOV@Example.com ,(435) 480-4597
c01528,  Margaret Liskov , MARGARET.LISKOV@Example.com ,(431) 413-3464
c01529,  Margaret Turing , MARGARET.TURING@Example.com ,(759) 504-9210
c01530,  Linus Ritchie , LINUS.RITCHIE@Example.com ,(329) 757-9464
c01531,  Ken Torvalds , KEN.TORVALDS@Example.com ,(343) 339-1121
c01532,  Ken Lovelace , KEN.LOVELACE@Example.com ,(306) 899-2585
c01533,  Barbara Ritchie , BARBARA.RITCHIE@Example.com ,(690) 308-3589
c01534,  Linus Liskov , LINUS.LISKOV@Example.com ,(619) 275-5118
c01535,  Ada Perlman , ADA.PERLMAN@Example.com ,(482) 237-9987
c01536,  Ada Hamilton , ADA.HAMILTON@Example.com ,(434) 470-1460
c01537,  Radia Hopper , RADIA.HOPPER@Example.com ,(849) 630-1263
c01538,  Linus Liskov , LINUS.LISKOV@Example.com ,(988) 355-5717
c01539,  Radia Ritchie , RADIA.RITCHIE@Example.com ,(875) 429-3518
c01540,  Alan Hamilton , ALAN.HAMILTON@Example.com ,(687) 368-8306
c01541,  Ada Liskov , ADA.LISKOV@Example.com ,(203) 530-8121
c01542,  Barbara Lovelace , BARBARA.LOVELACE@Example.com ,(753) 544-8759
c01543,  Ken Hamilton , KEN.HAMILTON@Example.com ,(390) 738-2750
c01544,  Margaret Lovelace , MARGARET.LOVELACE@Example.com ,(501) 248-4204
c01545,  Ada Hamilton , ADA.HAMILTON@Example.com ,(671) 641-3213
c01546,  Dennis Liskov , DENNIS.LISKOV@Example.com ,(713) 232-2312
c01547,  Margaret Ritchie , MARGARET.RITCHIE@Example.com ,(495) 885-3865
c01548,  Linus Torvalds , LINUS.TORVALDS@Example.com ,(575) 444-1437
c01549,  Ken Turing , KEN.TURING@Example.com ,(685) 760-1905
c01550,  Dennis Torvalds , DENNIS.TORVALDS@Example.com ,(627) 540-2743
c01551,  Margaret Lovelace , MARGARET.LOVELACE@Example.com ,(497) 369-8189
c01552,  Radia Dijkstra , RADIA.DIJKSTRA@Example.com ,(402) 465-8421
c01553,  Grace Dijkstra , GRACE.DIJKSTRA@Example.com ,(284) 852-5744
c01554,  Margaret Ritchie , MARGARET.RITCHIE@Example.com ,(446) 441-4413
c01555,  Grace Ritchie , GRACE.RITCHIE@Example.com ,(783) 574-2942
c01556,  Barbara Hopper , BARBARA.HOPPER@Example.com ,(553) 276-2096
c01557,  Dennis Thompson , DENNIS.THOMPSON@Example.com ,(881) 453-5410
c01558,  Barbara Perlman , BARBARA.PERLMAN@Example.com ,(834) 496-4284
c01559,  Dennis Turing , DENNIS.TURING@Example.com ,(823) 363-2625
c01560,  Ken Perlman , KEN.PERLMAN@Example.com ,(305) 767-6452
c01561,  Barbara Lovelace , BARBARA.LOVELACE@Example.com ,(306) 446-2610
c01562,  Barbara Turing , BARBARA.TURING@Example.com ,(852) 520-3634
c01563,  Ada Dijkstra , ADA.DIJKSTRA@Example.com ,(958) 214-4054
c01564,  Barbara Torvalds , BARBARA.TORVALDS@Example.com ,(542) 226-3101
c01565,  Edsger Torvalds , EDSGER.TORVALDS@Example.com ,(695) 690-4255
c01566,  Ada Thompson , ADA.THOMPSON@Example.com ,(744) 361-3444
c01567,  Edsger Torvalds , EDSGER.TORVALDS@Example.com ,(530) 815-2861
c01568,  Dennis Torvalds , DENNIS.TORVALDS@Example.com ,(527) 429-2802
c01569,  Margaret Ritchie , MARGARET.RITCHIE@Example.com ,(511) 722-3746
c01570,  Margaret Hopper , MARGARET.HOPPER@Example.com ,(859) 887-7897
c01571,  Margaret Liskov , MARGARET.LISKOV@Example.com ,(588) 620-7837
c01572,  Linus Thompson , LINUS.THOMPSON@Example.com ,(353) 254-1227
c01573,  Radia Thompson , RADIA.THOMPSON@Example.com ,(800) 499-4812
c01574,  Edsger Turing , EDSGER.TURING@Example.com ,(713) 839-6172
c01575,  Edsger Perlman , EDSGER.PERLMAN@Example.com ,(373) 743-2511
c01576,  Edsger Lovelace , EDSGER.LOVELACE@Example.com ,(284) 265-1345
c01577,  Margaret Hopper , MARGARET.HOPPER@Example.com ,(617) 663-8262
c01578,  Radia Ritchie , RADIA.RITCHIE@Example.com ,(485) 810-8823
c01579,  Margaret Dijkstra , MARGARET.DIJKSTRA@Example.com ,(917) 655-5452
c01580,  Radia Perlman , RADIA.PERLMAN@Example.com ,(641) 580-1597
c01581,  Margaret Dijkstra , MARGARET.DIJKSTRA@Example.com ,(945) 753-7005
c01582,  Grace Turing , GRACE.TURING@Example.com ,(639) 794-3202
c01583,  Ada Liskov , ADA.LISKOV@Example.com ,(205) 996-1961
c01584,  Dennis Perlman , DENNIS.PERLMAN@Example.com ,(992) 457-7640
c01585,  Linus Liskov , LINUS.LISKOV@Example.com ,(271) 424-4140
c01586,  Alan Liskov , ALAN.LISKOV@Example.com ,(668) 473-6377
c01587,  Alan Lovelace , ALAN.LOVELACE@Example.com ,(945) 738-7581
c01588,  Margaret Thompson , MARGARET.THOMPSON@Example.com ,(652) 454-1369
c01589,  Edsger Torvalds , EDSGER.TORVALDS@Example.com ,(617) 638-3724
c01590,  Dennis Lovelace , DENNIS.LOVELACE@Example.com ,(540) 677-3019
c01591,  Alan Lovelace , ALAN.LOVELACE@Example.com ,(429) 638-7568
c01592,  Alan Thompson , ALAN.THOMPSON@Example.com ,(474) 392-7256
c01593,  Ken Ritchie , KEN.RITCHIE@Example.com ,(707) 457-2745
c01594,  Dennis Thompson , DENNIS.THOMPSON@Example.com ,(676) 962-4957
c01595,  Radia Ritchie , RADIA.RITCHIE@Example.com ,(288) 891-9103
c01596,  Linus Torvalds , LINUS.TORVALDS@Example.com ,(258) 379-2307
c01597,  Dennis Perlman , DENNIS.PERLMAN@Example.com ,(519) 993-7774
c01598,  Alan Torvalds , ALAN.TORVALDS@Example.com ,(723) 212-8490
c01599,  Alan Hamilton , ALAN.HAMILTON@Example.com ,(914) 813-1489
c01600,  Grace Hamilton , GRACE.HAMILTON@Example.com ,(248) 899-9056
c01601,  Ken Dijkstra , KEN.DIJKSTRA@Example.com ,(617) 255-3488
c01602,  Margaret Turing , MARGARET.TURING@Example.com ,(849) 944-1376
c01603,  Grace Dijkstra , GRACE.DIJKSTRA@Example.com ,(673) 530-8072
c01604,  Margaret Turing , MARGARET.TURING@Example.com ,(688) 695-6644
c01605,  Ada Ritchie , ADA.RITCHIE@Example.com ,(598) 540-9793
c01606,  Alan Ritchie , ALAN.RITCHIE@Example.com ,(603) 563-5181
c01607,  Dennis Hopper , DENNIS.HOPPER@Example.com ,(950) 839-7679
c01608,  Edsger Hamilton , EDSGER.HAMILTON@Example.com ,(276) 486-8204
c01609,  Ada Liskov , ADA.LISKOV@Example.com ,(562) 568-9409
c01610,  Ken Hopper , KEN.HOPPER@Example.com ,(947) 792-1210
c01611,  Alan Dijkstra , ALAN.DIJKSTRA@Example.com ,(572) 648-3468
c01612,  Ken Hopper , KEN.HOPPER@Example.com ,(708) 845-1950
c01613,  Ada Torvalds , ADA.TORVALDS@Example.com ,(647) 882-7326
c01614,  Grace Hamilton , GRACE.HAMILTON@Example.com ,(405) 670-1156
c01615,  Edsger Ritchie , EDSGER.RITCHIE@Example.com ,(439) 516-5811
c01616,  Dennis Ritchie , DENNIS.RITCHIE@Example.com ,(980) 857-5167
c01617,  Margaret Torvalds , MARGARET.TORVALDS@Example.com ,(852) 468-7032
c01618,  Ken Lovelace , KEN.LOVELACE@Example.com ,(346) 636-9341
c01619,  Radia Thompson , RADIA.THOMPSON@Example.com ,(510) 318-5043
c01620,  Ada Thompson , ADA.THOMPSON@Example.com ,(339) 998-6327
c01621,  Ada Torvalds , ADA.TORVALDS@Example.com ,(973) 506-1523
c01622,  Dennis Perlman , DENNIS.PERLMAN@Example.com ,(855) 277-2729
c01623,  Grace Hopper , GRACE.HOPPER@Example.com ,(205) 870-5332
c01624,  Barbara Lovelace , BARBARA.LOVELACE@Example.com ,(645) 571-5901
c01625,  Edsger Turing , EDSGER.TURING@Example.com ,(543) 326-4086
c01626,  Dennis Torvalds , DENNIS.TORVALDS@Example.com ,(391) 331-5190
c01627,  Linus Ritchie , LINUS.RITCHIE@Example.com ,(905) 981-8456
c01628,  Grace Torvalds , GRACE.TORVALDS@Example.com ,(901) 919-4965
c01629,  Ada Thompson , ADA.THOMPSON@Example.com ,(707) 707-4820
c01630,  Radia Turing , RADIA.TURING@Example.com ,(285) 750-8193
c01631,  Ada Dijkstra , ADA.DIJKSTRA@Example.com ,(640) 812-1587
c01632,  Margaret Liskov , MARGARET.LISKOV@Example.com ,(837) 457-4527
c01633,  Barbara Hamilton , BARBARA.HAMILTON@Example.com ,(567) 784-4207
c01634,  Dennis Ritchie , DENNIS.RITCHIE@Example.com ,(412) 494-1243
c01635,  Grace Liskov , GRACE.LISKOV@Example.com ,(765) 660-5922
c01636,  Alan Torvalds , ALAN.TORVALDS@Example.com ,(908) 810-2548
c01637,  Ada Ritchie , ADA.RITCHIE@Example.com ,(520) 269-5682
c01638,  Dennis Perlman , DENNIS.PERLMAN@Example.com ,(895) 931-9809
c01639,  Edsger Hamilton , EDSGER.HAMILTON@Example.com ,(573) 595-1595
c01640,  Ken Liskov , KEN.LISKOV@Example.com ,(507) 999-6444
c01641,  Ada Hopper , ADA.HOPPER@Example.com ,(329) 440-8349
c01642,  Dennis Torvalds , DENNIS.TORVALDS@Example.com ,(208) 704-1364
c01643,  Barbara Torvalds , BARBARA.TORVALDS@Example.com ,(214) 314-9932
c01644,  Radia Hamilton , RADIA.HAMILTON@Example.com ,(542) 492-2841
c01645,  Ada Hopper , ADA.HOPPER@Example.com ,(656) 200-5321
c01646,  Radia Torvalds , RADIA.TORVALDS@Example.com ,(310) 995-7562
c01647,  Grace Dijkstra , GRACE.DIJKSTRA@Example.com ,(304) 268-8720
c01648,  Dennis Hamilton , DENNIS.HAMILTON@Example.com ,(539) 949-4988
c01649,  Ken Torvalds , KEN.TORVALDS@Example.com ,(817) 799-2810
c01650,  Dennis Ritchie , DENNIS.RITCHIE@Example.com ,(971) 208-4976
c01651,  Grace Dijkstra , GRACE.DIJKSTRA@Example.com ,(600) 773-1255
c01652,  Barbara Thompson , BARBARA.THOMPSON@Example.com ,(963) 769-3118
c01653,  Barbara Dijkstra , BARBARA.DIJKSTRA@Example.com ,(808) 734-4248
c01654,  Barbara Lovelace , BARBARA.LOVELACE@Example.com ,(481) 998-6533
c01655,  Linus Ritchie , LINUS.RITCHIE@Example.com ,(648) 743-9932
c01656,  Dennis Hopper , DENNIS.HOPPER@Example.com ,(539) 530-1395
c01657,  Ada Perlman , ADA.PERLMAN@Example.com ,(436) 758-9635
c01658,  Linus Lovelace , LINUS.LOVELACE@Example.com ,(512) 310-8700
c01659,  Alan Liskov , ALAN.LISKOV@Example.com ,(982) 887-9018
c01660,  Margaret Turing , MARGARET.TURING@Example.com ,(814) 329-9196
c01661,  Ken Perlman , KEN.PERLMAN@Example.com ,(433) 539-1116
c01662,  Alan Dijkstra , ALAN.DIJKSTRA@Example.com ,(953) 569-4889
c01663,  Dennis Torvalds , DENNIS.TORVALDS@Example.com ,(495) 803-5639
c01664,  Linus Thompson , LINUS.THOMPSON@Example.com ,(765) 865-4757
c01665,  Ada Ritchie , ADA.RITCHIE@Example.com ,(208) 749-4447
c01666,  Ken Hamilton , KEN.HAMILTON@Example.com ,(714) 370-9992
c01667,  Dennis Ritchie , DENNIS.RITCHIE@Example.com ,(756) 758-5098
c01668,  Grace Hamilton , GRACE.HAMILTON@Example.com ,(213) 848-5184
c01669,  Grace Turing , GRACE.TURING@Example.com ,(544) 617-1958
c01670,  Ken Hopper , KEN.HOPPER@Example.com ,(749) 792-3993
c01671,  Linus Liskov , LINUS.LISKOV@Example.com ,(535) 735-5186
c01672,  Ada Dijkstra , ADA.DIJKSTRA@Example.com ,(339) 214-4846
c01673,  Grace Thompson , GRACE.THOMPSON@Example.com ,(954) 653-8961
c01674,  Linus Dijkstra , LINUS.DIJKSTRA@Example.com ,(496) 440-3711
c01675,  Ada Hopper , ADA.HOPPER@Example.com ,(809) 837-2367
c01676,  Linus Hamilton , LINUS.HAMILTON@Example.com ,(580) 376-7930
c01677,  Radia Hopper , RADIA.HOPPER@Example.com ,(777) 976-4674
c01678,  Grace Torvalds , GRACE.TORVALDS@Example.com ,(510) 744-9655
c01679,  Edsger Lovelace , EDSGER.LOVELACE@Example.com ,(272) 544-4355
c01680,  Margaret Torvalds , MARGARET.TORVALDS@Example.com ,(690) 878-8764
c01681,  Radia Thompson , RADIA.THOMPSON@Example.com ,(464) 450-4737
c01682,  Barbara Thompson , BARBARA.THOMPSON@Example.com ,(333) 932-6764
c01683,  Dennis Liskov , DENNIS.LISKOV@Example.com ,(311) 739-1807
c01684,  Ken Liskov , KEN.LISKOV@Example.com ,(534) 263-9124
c01685,  Ken Turing , KEN.TURING@Example.com ,(272) 834-9984
c01686,  Margaret Liskov , MARGARET.LISKOV@Example.com ,(886) 676-1100
c01687,  Margaret Dijkstra , MARGARET.DIJKSTRA@Example.com ,(506) 364-7525
c01688,  Dennis Ritchie , DENNIS.RITCHIE@Example.com ,(226) 278-2193
c01689,  Linus Hamilton , LINUS.HAMILTON@Example.com ,(830) 222-4809
c01690,  Linus Thompson , LINUS.THOMPSON@Example.com ,(786) 698-7149
c01691,  Grace Lovelace , GRACE.LOVELACE@Example.com ,(492) 463-5626
c01692,  Margaret Perlman , MARGARET.PERLMAN@Example.com ,(825) 276-2399
c01693,  Margaret Turing , MARGARET.TURING@Example.com ,(559) 320-2240
c01694,  Ada Torvalds , ADA.TORVALDS@Example.com ,(623) 250-9956
c01695,  Linus Liskov , LINUS.LISKOV@Example.com ,(355) 444-2874
c01696,  Edsger Hamilton , EDSGER.HAMILTON@Example.com ,(525) 288-9928
c01697,  Edsger Hopper , EDSGER.HOPPER@Example.com ,(232) 452-3979
c01698,  Margaret Torvalds , MARGARET.TORVALDS@Example.com ,(957) 938-9807
c01699,  Edsger Thompson , EDSGER.THOMPSON@Example.com ,(578) 887-6461
c01700,  Edsger Hamilton , EDSGER.HAMILTON@Example.com ,(327) 564-6038
c01701,  Linus Dijkstra , LINUS.DIJKSTRA@Example.com ,(816) 440-2425
c01702,  Ken Torvalds , KEN.TORVALDS@Example.com ,(373) 796-4747
c01703,  Linus Turing , LINUS.TURING@Example.com ,(219) 219-7425
c01704,  Alan Thompson , ALAN.THOMPSON@Example.com ,(791) 281-3483
c01705,  Dennis Dijkstra , DENNIS.DIJKSTRA@Example.com ,(213) 770-5831
c01706,  Dennis Perlman , DENNIS.PERLMAN@Example.com ,(662) 508-4343
c01707,  Alan Hamilton , ALAN.HAMILTON@Example.com ,(792) 930-2252
c01708,  Dennis Hopper , DENNIS.HOPPER@Example.com ,(401) 420-4610
c01709,  Edsger Hamilton , EDSGER.HAMILTON@Example.com ,(731) 528-5778
c01710,  Margaret Perlman , MARGARET.PERLMAN@Example.com ,(697) 916-5971
c01711,  Ken Perlman , KEN.PERLMAN@Example.com ,(272) 327-3629
c01712,  Dennis Turing , DENNIS.TURING@Example.com ,(415) 771-7186
c01713,  Ada Perlman , ADA.PERLMAN@Example.com ,(312) 859-8194
c01714,  Edsger Ritchie , EDSGER.RITCHIE@Example.com ,(994) 536-5032
c01715,  Margaret Dijkstra , MARGARET.DIJKSTRA@Example.com ,(918) 456-4083
c01716,  Radia Hamilton , RADIA.HAMILTON@Example.com ,(646) 739-2688
c01717,  Grace Torvalds , GRACE.TORVALDS@Example.com ,(814) 519-5370
c01718,  Edsger Lovelace , EDSGER.LOVELACE@Example.com ,(262) 562-4431
c01719,  Barbara Dijkstra , BARBARA.DIJKSTRA@Example.com ,(850) 820-6781
c01720,  Ken Hamilton , KEN.HAMILTON@Example.com ,(957) 820-8546
c01721,  Ada Liskov , ADA.LISKOV@Example.com ,(223) 876-1444
c01722,  Dennis Torvalds , DENNIS.TORVALDS@Example.com ,(708) 767-7296
c01723,  Alan Thompson , ALAN.THOMPSON@Example.com ,(663) 991-5476
c01724,  Linus Hamilton , LINUS.HAMILTON@Example.com ,(727) 975-1407
c01725,  Ada Thompson , ADA.THOMPSON@Example.com ,(508) 260-9896
c01726,  Alan Torvalds , ALAN.TORVALDS@Example.com ,(280) 939-9876
c01727,  Edsger Perlman , EDSGER.PERLMAN@Example.com ,(887) 495-8216
c01728,  Ada Lovelace , ADA.LOVELACE@Example.com ,(443) 474-1263
c01729,  Grace Thompson , GRACE.THOMPSON@Example.com ,(366) 801-5759
c01730,  Ken Torvalds , KEN.TORVALDS@Example.com ,(817) 349-4316
c01731,  Edsger Torvalds , EDSGER.TORVALDS@Example.com ,(940) 705-9172
c01732,  Ada Torvalds , ADA.TORVALDS@Example.com ,(284) 685-9101
c01733,  Grace Hamilton , GRACE.HAMILTON@Example.com ,(709) 754-6555
c01734,  Margaret Turing , MARGARET.TURING@Example.com ,(466) 512-6560
c01735,  Ada Perlman , ADA.PERLMAN@Example.com ,(892) 985-5002
c01736,  Alan Perlman , ALAN.PERLMAN@Example.com ,(894) 432-5136
c01737,  Dennis Dijkstra , DENNIS.DIJKSTRA@Example.com ,(672) 230-5132
c01738,  Radia Perlman , RADIA.PERLMAN@Example.com ,(284) 815-8678
c01739,  Grace Torvalds , GRACE.TORVALDS@Example.com ,(545) 449-2109
c01740,  Dennis Dijkstra , DENNIS.DIJKSTRA@Example.com ,(941) 738-9117
c01741,  Dennis Ritchie , DENNIS.RITCHIE@Example.com ,(865) 428-3083
c01742,  Grace Dijkstra , GRACE.DIJKSTRA@Example.com ,(246) 664-3746
c01743,  Radia Torvalds , RADIA.TORVALDS@Example.com ,(245) 447-3747
c01744,  Ada Liskov , ADA.LISKOV@Example.com ,(498) 518-3325
c01745,  Linus Turing , LINUS.TURING@Example.com ,(340) 387-1810
c01746,  Grace Dijkstra , GRACE.DIJKSTRA@Example.com ,(438) 777-4585
c01747,  Barbara Ritchie , BARBARA.RITCHIE@Example.com ,(537) 842-8816
c01748,  Radia Ritchie , RADIA.RITCHIE@Example.com ,(755) 966-1484
c01749,  Ken Lovelace , KEN.LOVELACE@Example.com ,(606) 273-1140
c01750,  Radia Hopper , RADIA.HOPPER@Example.com ,(648) 971-8008
c01751,  Alan Liskov , ALAN.LISKOV@Example.com ,(866) 998-6398
c01752,  Ada Lovelace , ADA.LOVELACE@Example.com ,(848) 904-6899
c01753,  Alan Liskov , ALAN.LISKOV@Example.com ,(735) 952-1336
c01754,  Alan Lovelace , ALAN.LOVELACE@Example.com ,(342) 739-9383
c01755,  Margaret Hopper , MARGARET.HOPPER@Example.com ,(440) 391-1421
c01756,  Radia Lovelace , RADIA.LOVELACE@Example.com ,(295) 355-4684
c01757,  Barbara Torvalds , BARBARA.TORVALDS@Example.com ,(497) 441-5989
c01758,  Dennis Hamilton , DENNIS.HAMILTON@Example.com ,(796) 591-1760
c01759,  Ken Turing , KEN.TURING@Example.com ,(698) 309-5428
c01760,  Dennis Dijkstra , DENNIS.DIJKSTRA@Example.com ,(630) 972-4361
c01761,  Grace Dijkstra , GRACE.DIJKSTRA@Example.com ,(249) 796-9967
c01762,  Barbara Perlman , BARBARA.PERLMAN@Example.com ,(747) 761-5341
c01763,  Grace Turing , GRACE.TURING@Example.com ,(679) 402-3851
c01764,  Edsger Hopper , EDSGER.HOPPER@Example.com ,(202) 568-1876
c01765,  Grace Hamilton , GRACE.HAMILTON@Example.com ,(476) 682-8347
c01766,  Radia Dijkstra , RADIA.DIJKSTRA@Example.com ,(255) 958-1151
c01767,  Radia Ritchie , RADIA.RITCHIE@Example.com ,(706) 920-4240
c01768,  Alan Dijkstra , ALAN.DIJKSTRA@Example.com ,(550) 909-5784
c01769,  Margaret Turing , MARGARET.TURING@Example.com ,(300) 661-3293
c01770,  Barbara Hopper , BARBARA.HOPPER@Example.com ,(419) 338-8528
c01771,  Barbara Hamilton , BARBARA.HAMILTON@Example.com ,(804) 567-5943
c01772,  Barbara Dijkstra , BARBARA.DIJKSTRA@Example.com ,(819) 715-9924
c01773,  Edsger Torvalds , EDSGER.TORVALDS@Example.com ,(279) 720-2133
c01774,  Dennis Dijkstra , DENNIS.DIJKSTRA@Example.com ,(860) 979-6840
c01775,  Dennis Lovelace , DENNIS.LOVELACE@Example.com ,(741) 775-7431
c01776,  Barbara Thompson , BARBARA.THOMPSON@Example.com ,(703) 832-8985
c01777,  Alan Ritchie , ALAN.RITCHIE@Example.com ,(361) 450-4231
c01778,  Alan Thompson , ALAN.THOMPSON@Example.com ,(831) 260-4330
c01779,  Grace Liskov , GRACE.LISKOV@Example.com ,(824) 875-7673
c01780,  Radia Dijkstra , RADIA.DIJKSTRA@Example.com ,(535) 807-9719
c01781,  Grace Ritchie , GRACE.RITCHIE@Example.com ,(844) 708-6783
c01782,  Dennis Perlman , DENNIS.PERLMAN@Example.com ,(643) 801-6529
c01783,  Ken Lovelace , KEN.LOVELACE@Example.com ,(239) 209-6847
c01784,  Barbara Hamilton , BARBARA.HAMILTON@Example.com ,(377) 389-7689
c01785,  Radia Hopper , RADIA.HOPPER@Example.com ,(211) 570-4635
c01786,  Margaret Thompson , MARGARET.THOMPSON@Example.com ,(216) 205-6828
c01787,  Dennis Liskov , DENNIS.LISKOV@Example.com ,(305) 507-2493
c01788,  Edsger Liskov , EDSGER.LISKOV@Example.com ,(252) 224-8292
c01789,  Radia Lovelace , RADIA.LOVELACE@Example.com ,(909) 304-1211
c01790,  Radia Hamilton , RADIA.HAMILTON@Example.com ,(206) 988-8549
c01791,  Radia Torvalds , RADIA.TORVALDS@Example.com ,(900) 459-5817
c01792,  Edsger Liskov , EDSGER.LISKOV@Example.com ,(549) 854-6274
c01793,  Margaret Dijkstra , MARGARET.DIJKSTRA@Example.com ,(910) 473-5808
c01794,  Radia Perlman , RADIA.PERLMAN@Example.com ,(484) 793-5631
c01795,  Dennis Torvalds , DENNIS.TORVALDS@Example.com ,(313) 942-9600
c01796,  Barbara Dijkstra , BARBARA.DIJKSTRA@Example.com ,(894) 612-1693
c01797,  Grace Hamilton , GRACE.HAMILTON@Example.com ,(624) 761-2119
c01798,  Barbara Dijkstra , BARBARA.DIJKSTRA@Example.com ,(612) 571-3074
c01799,  Ada Turing , ADA.TURING@Example.com ,(867) 672-1408
c01800,  Margaret Torvalds , MARGARET.TORVALDS@Example.com ,(717) 831-4962
c01801,  Linus Torvalds , LINUS.TORVALDS@Example.com ,(695) 584-1325
c01802,  Alan Lovelace , ALAN.LOVELACE@Example.com ,(320) 884-1660
c01803,  Ada Hopper , ADA.HOPPER@Example.com ,(964) 653-3275
c01804,  Barbara Dijkstra , BARBARA.DIJKSTRA@Example.com ,(851) 446-4596
c01805,  Barbara Liskov , BARBARA.LISKOV@Example.com ,(416) 329-5168
c01806,  Linus Thompson , LINUS.THOMPSON@Example.com ,(818) 262-4427
c01807,  Linus Lovelace , LINUS.LOVELACE@Example.com ,(235) 717-3101
c01808,  Radia Torvalds , RADIA.TORVALDS@Example.com ,(704) 877-4691
c01809,  Barbara Hamilton , BARBARA.HAMILTON@Example.com ,(678) 223-1384
c01810,  Barbara Turing , BARBARA.TURING@Example.com ,(926) 678-4929
c01811,  Ken Hamilton , KEN.HAMILTON@Example.com ,(741) 834-1012
c01812,  Barbara Liskov , BARBARA.LISKOV@Example.com ,(975) 370-5443
c01813,  Margaret Hopper , MARGARET.HOPPER@Example.com ,(421) 857-3512
c01814,  Margaret Turing , MARGARET.TURING@Example.com ,(358) 541-2312
c01815,  Linus Lovelace , LINUS.LOVELACE@Example.com ,(352) 856-7590
c01816,  Edsger Hopper , EDSGER.HOPPER@Example.com ,(802) 243-4131
c01817,  Margaret Torvalds , MARGARET.TORVALDS@Example.com ,(719) 859-7670
c01818,  Ken Liskov , KEN.LISKOV@Example.com ,(848) 733-6923
c01819,  Dennis Ritchie , DENNIS.RITCHIE@Example.com ,(293) 225-5150
c01820,  Margaret Dijkstra , MARGARET.DIJKSTRA@Example.com ,(284) 869-9142
c01821,  Dennis Liskov , DENNIS.LISKOV@Example.com ,(682) 993-8756
c01822,  Grace Dijkstra , GRACE.DIJKSTRA@Example.com ,(589) 727-1177
c01823,  Edsger Torvalds , EDSGER.TORVALDS@Example.com ,(511) 860-9872
c01824,  Grace Ritchie , GRACE.RITCHIE@Example.com ,(324) 562-5547
c01825,  Radia Hopper , RADIA.HOPPER@Example.com ,(434) 750-3920
c01826,  Ken Hamilton , KEN.HAMILTON@Example.com ,(204) 303-9864
c01827,  Ken Perlman , KEN.PERLMAN@Example.com ,(280) 316-5651
c01828,  Grace Torvalds , GRACE.TORVALDS@Example.com ,(289) 992-9731
c01829,  Barbara Torvalds , BARBARA.TORVALDS@Example.com ,(929) 694-7072
c01830,  Linus Perlman , LINUS.PERLMAN@Example.com ,(403) 634-1905
c01831,  Ada Turing , ADA.TURING@Example.com ,(445) 643-6737
c01832,  Barbara Ritchie , BARBARA.RITCHIE@Example.com ,(857) 813-3168
c01833,  Alan Thompson , ALAN.THOMPSON@Example.com ,(554) 902-2731
c01834,  Barbara Lovelace , BARBARA.LOVELACE@Example.com ,(357) 850-9825
c01835,  Alan Torvalds , ALAN.TORVALDS@Example.com ,(858) 209-9565
c01836,  Dennis Ritchie , DENNIS.RITCHIE@Example.com ,(922) 861-2841
c01837,  Margaret Ritchie , MARGARET.RITCHIE@Example.com ,(605) 531-8529
c01838,  Barbara Turing , BARBARA.TURING@Example.com ,(506) 624-4914
c01839,  Alan Perlman , ALAN.PERLMAN@Example.com ,(488) 293-9166
c01840,  Grace Dijkstra , GRACE.DIJKSTRA@Example.com ,(829) 500-5246
c01841,  Edsger Perlman , EDSGER.PERLMAN@Example.com ,(563) 211-9776
c01842,  Linus Perlman , LINUS.PERLMAN@Example.com ,(316) 449-1498
c01843,  Edsger Lovelace , EDSGER.LOVELACE@Example.com ,(384) 282-9155
c01844,  Barbara Hopper , BARBARA.HOPPER@Example.com ,(425) 325-2546
c01845,  Radia Hopper , RADIA.HOPPER@Example.com ,(293) 435-1705
c01846,  Dennis Lovelace , DENNIS.LOVELACE@Example.com ,(375) 697-3220
c01847,  Radia Hopper , RADIA.HOPPER@Example.com ,(842) 801-1620
c01848,  Ada Liskov , ADA.LISKOV@Example.com ,(493) 336-1999
c01849,  Edsger Thompson , EDSGER.THOMPSON@Example.com ,(285) 362-8147
c01850,  Dennis Dijkstra , DENNIS.DIJKSTRA@Example.com ,(241) 447-2676
c01851,  Radia Ritchie , RADIA.RITCHIE@Example.com ,(640) 336-3893
c01852,  Linus Ritchie , LINUS.RITCHIE@Example.com ,(544) 250-9684
c01853,  Linus Torvalds , LINUS.TORVALDS@Example.com ,(632) 555-7202
c01854,  Margaret Liskov , MARGARET.LISKOV@Example.com ,(223) 650-4717
c01855,  Dennis Hamilton , DENNIS.HAMILTON@Example.com ,(848) 593-8561
c01856,  Dennis Lovelace , DENNIS.LOVELACE@Example.com ,(330) 504-1325
c01857,  Ada Ritchie , ADA.RITCHIE@Example.com ,(999) 672-1045
c01858,  Edsger Liskov , EDSGER.LISKOV@Example.com ,(537) 408-2136
c01859,  Ken Torvalds , KEN.TORVALDS@Example.com ,(824) 819-4640
c01860,  Radia Lovelace , RADIA.LOVELACE@Example.com ,(565) 763-9367
c01861,  Linus Turing , LINUS.TURING@Example.com ,(577) 953-8834
c01862,  Radia Ritchie , RADIA.RITCHIE@Example.com ,(460) 513-8993
c01863,  Dennis Thompson , DENNIS.THOMPSON@Example.com ,(810) 858-1336
c01864,  Margaret Liskov , MARGARET.LISKOV@Example.com ,(485) 642-9690
c01865,  Edsger Torvalds , EDSGER.TORVALDS@Example.com ,(561) 874-5725
c01866,  Dennis Hopper , DENNIS.HOPPER@Example.com ,(938) 207-9532
c01867,  Ken Thompson , KEN.THOMPSON@Example.com ,(433) 571-5146
c01868,  Ada Thompson , ADA.THOMPSON@Example.com ,(857) 448-5343
c01869,  Dennis Hamilton , DENNIS.HAMILTON@Example.com ,(956) 258-1748
c01870,  Radia Liskov , RADIA.LISKOV@Example.com ,(289) 306-5454
c01871,  Grace Hamilton , GRACE.HAMILTON@Example.com ,(741) 352-7030
c01872,  Linus Lovelace , LINUS.LOVELACE@Example.com ,(352) 230-3386
c01873,  Ken Ritchie , KEN.RITCHIE@Example.com ,(699) 348-2871
c01874,  Grace Liskov , GRACE.LISKOV@Example.com ,(253) 679-5653
c01875,  Radia Dijkstra , RADIA.DIJKSTRA@Example.com ,(499) 589-9994
c01876,  Edsger Liskov , EDSGER.LISKOV@Example.com ,(739) 934-3192
c01877,  Linus Perlman , LINUS.PERLMAN@Example.com ,(529) 858-7553
c01878,  Ken Ritchie , KEN.RITCHIE@Example.com ,(441) 547-1002
c01879,  Dennis Lovelace , DENNIS.LOVELACE@Example.com ,(414) 219-6897
c01880,  Edsger Ritchie , EDSGER.RITCHIE@Example.com ,(588) 987-3652
c01881,  Linus Lovelace , LINUS.LOVELACE@Example.com ,(676) 812-8411
c01882,  Margaret Ritchie , MARGARET.RITCHIE@Example.com ,(994) 643-8550
c01883,  Barbara Hamilton , BARBARA.HAMILTON@Example.com ,(463) 866-1004
c01884,  Radia Lovelace , RADIA.LOVELACE@Example.com ,(445) 864-6101
c01885,  Edsger Hopper , EDSGER.HOPPER@Example.com ,(930) 679-6139
c01886,  Dennis Perlman , DENNIS.PERLMAN@Example.com ,(422) 310-8273
c01887,  Margaret Perlman , MARGARET.PERLMAN@Example.com ,(936) 576-9222
c01888,  Barbara Turing , BARBARA.TURING@Example.com ,(316) 972-2094
c01889,  Alan Hopper , ALAN.HOPPER@Example.com ,(652) 327-4817
c01890,  Radia Dijkstra , RADIA.DIJKSTRA@Example.com ,(767) 483-7388
c01891,  Edsger Hopper , EDSGER.HOPPER@Example.com ,(907) 505-6497
c01892,  Dennis Ritchie , DENNIS.RITCHIE@Example.com ,(871) 545-9015
c01893,  Margaret Dijkstra , MARGARET.DIJKSTRA@Example.com ,(275) 410-4134
c01894,  Linus Lovelace , LINUS.LOVELACE@Example.com ,(419) 496-7217
c01895,  Linus Lovelace , LINUS.LOVELACE@Example.com ,(806) 470-2442
c01896,  Linus Perlman , LINUS.PERLMAN@Example.com ,(224) 431-3305
c01897,  Edsger Torvalds , EDSGER.TORVALDS@Example.com ,(511) 835-1387
c01898,  Ken Hamilton , KEN.HAMILTON@Example.com ,(480) 346-5590
c01899,  Linus Torvalds , LINUS.TORVALDS@Example.com ,(483) 985-3786
c01900,  Alan Turing , ALAN.TURING@Example.com ,(442) 739-1565
c01901,  Barbara Torvalds , BARBARA.TORVALDS@Example.com ,(442) 407-6852
c01902,  Linus Ritchie , LINUS.RITCHIE@Example.com ,(571) 238-4039
c01903,  Ada Hopper , ADA.HOPPER@Example.com ,(768) 881-5424
c01904,  Radia Thompson , RADIA.THOMPSON@Example.com ,(214) 494-8094
c01905,  Linus Ritchie , LINUS.RITCHIE@Example.com ,(694) 362-1230
c01906,  Grace Hamilton , GRACE.HAMILTON@Example.com ,(855) 696-5234
c01907,  Edsger Lovelace , EDSGER.LOVELACE@Example.com ,(210) 280-8940
c01908,  Alan Torvalds , ALAN.TORVALDS@Example.com ,(275) 638-1960
c01909,  Barbara Hopper , BARBARA.HOPPER@Example.com ,(820) 243-3644
c01910,  Grace Liskov , GRACE.LISKOV@Example.com ,(224) 922-7965
c01911,  Edsger Thompson , EDSGER.THOMPSON@Example.com ,(800) 751-7461
c01912,  Dennis Thompson , DENNIS.THOMPSON@Example.com ,(283) 793-4034
c01913,  Linus Ritchie , LINUS.RITCHIE@Example.com ,(777) 913-1647
c01914,  Linus Dijkstra , LINUS.DIJKSTRA@Example.com ,(445) 545-1637
c01915,  Radia Ritchie , RADIA.RITCHIE@Example.com ,(972) 976-4457
c01916,  Radia Turing , RADIA.TURING@Example.com ,(543) 778-1802
c01917,  Ada Turing , ADA.TURING@Example.com ,(815) 920-6426
c01918,  Alan Ritchie , ALAN.RITCHIE@Example.com ,(290) 831-8390
c01919,  Linus Turing , LINUS.TURING@Example.com ,(617) 400-6105
c01920,  Barbara Thompson , BARBARA.THOMPSON@Example.com ,(512) 561-9470
c01921,  Linus Hamilton , LINUS.HAMILTON@Example.com ,(685) 721-8034
c01922,  Barbara Hamilton , BARBARA.HAMILTON@Example.com ,(770) 239-7099
c01923,  Margaret Hopper , MARGARET.HOPPER@Example.com ,(292) 731-7294
c01924,  Edsger Perlman , EDSGER.PERLMAN@Example.com ,(652) 847-5101
c01925,  Dennis Hamilton , DENNIS.HAMILTON@Example.com ,(879) 601-8915
c01926,  Dennis Thompson , DENNIS.THOMPSON@Example.com ,(649) 686-3491
c01927,  Linus Dijkstra , LINUS.DIJKSTRA@Example.com ,(452) 877-9427
c01928,  Linus Dijkstra , LINUS.DIJKSTRA@Example.com ,(908) 816-9877
c01929,  Ada Turing , ADA.TURING@Example.com ,(545) 904-3102
c01930,  Ada Torvalds , ADA.TORVALDS@Example.com ,(388) 577-9979
c01931,  Radia Torvalds , RADIA.TORVALDS@Example.com ,(222) 566-3188
c01932,  Linus Dijkstra , LINUS.DIJKSTRA@Example.com ,(830) 313-4846
c01933,  Edsger Turing , EDSGER.TURING@Example.com ,(460) 546-9189
c01934,  Ada Torvalds , ADA.TORVALDS@Example.com ,(636) 589-4139
c01935,  Barbara Hopper , BARBARA.HOPPER@Example.com ,(983) 700-1485
c01936,  Dennis Dijkstra , DENNIS.DIJKSTRA@Example.com ,(980) 909-6309
c01937,  Dennis Liskov , DENNIS.LISKOV@Example.com ,(602) 764-5864
c01938,  Ken Dijkstra , KEN.DIJKSTRA@Example.com ,(669) 609-8954
c01939,  Alan Thompson , ALAN.THOMPSON@Example.com ,(718) 350-7534
c01940,  Ken Hamilton , KEN.HAMILTON@Example.com ,(673) 225-2661
c01941,  Grace Dijkstra , GRACE.DIJKSTRA@Example.com ,(752) 842-2101
c01942,  Ken Ritchie , KEN.RITCHIE@Example.com ,(697) 413-3141
c01943,  Dennis Torvalds , DENNIS.TORVALDS@Example.com ,(637) 439-7946
c01944,  Radia Dijkstra , RADIA.DIJKSTRA@Example.com ,(418) 464-8435
c01945,  Edsger Perlman , EDSGER.PERLMAN@Example.com ,(671) 342-5915
c01946,  Edsger Lovelace , EDSGER.LOVELACE@Example.com ,(850) 461-3126
c01947,  Radia Perlman , RADIA.PERLMAN@Example.com ,(980) 997-9712
c01948,  Linus Hamilton , LINUS.HAMILTON@Example.com ,(820) 889-8306
c01949,  Ken Perlman , KEN.PERLMAN@Example.com ,(725) 566-7372
c01950,  Ada Dijkstra , ADA.DIJKSTRA@Example.com ,(371) 590-9430
c01951,  Ada Liskov , ADA.LISKOV@Example.com ,(758) 347-2460
c01952,  Dennis Liskov , DENNIS.LISKOV@Example.com ,(586) 279-4110
c01953,  Radia Ritchie , RADIA.RITCHIE@Example.com ,(385) 262-4421
c01954,  Barbara Hopper , BARBARA.HOPPER@Example.com ,(277) 337-5276
c01955,  Alan Hamilton , ALAN.HAMILTON@Example.com ,(452) 930-5317
c01956,  Edsger Hamilton , EDSGER.HAMILTON@Example.com ,(535) 638-5836
c01957,  Ada Ritchie , ADA.RITCHIE@Example.com ,(443) 739-5567
c01958,  Linus Thompson , LINUS.THOMPSON@Example.com ,(240) 742-4689
c01959,  Ada Perlman , ADA.PERLMAN@Example.com ,(544) 320-5864
c01960,  Radia Hopper , RADIA.HOPPER@Example.com ,(383) 986-7305
c01961,  Linus Perlman , LINUS.PERLMAN@Example.com ,(349) 710-6822
c01962,  Margaret Lovelace , MARGARET.LOVELACE@Example.com ,(292) 760-6220
c01963,  Margaret Thompson , MARGARET.THOMPSON@Example.com ,(405) 220-2870
c01964,  Edsger Ritchie , EDSGER.RITCHIE@Example.com ,(256) 517-4277
c01965,  Linus Ritchie , LINUS.RITCHIE@Example.com ,(802) 258-8286
c01966,  Ada Turing , ADA.TURING@Example.com ,(700) 835-2599
c01967,  Alan Hopper , ALAN.HOPPER@Example.com ,(780) 766-3129
c01968,  Margaret Turing , MARGARET.TURING@Example.com ,(909) 217-3264
c01969,  Linus Hamilton , LINUS.HAMILTON@Example.com ,(867) 960-6329
c01970,  Ken Ritchie , KEN.RITCHIE@Example.com ,(701) 356-3672
c01971,  Margaret Liskov , MARGARET.LISKOV@Example.com ,(465) 791-8234
c01972,  Linus Dijkstra , LINUS.DIJKSTRA@Example.com ,(859) 958-9098
c01973,  Margaret Torvalds , MARGARET.TORVALDS@Example.com ,(890) 673-3362
c01974,  Dennis Hopper , DENNIS.HOPPER@Example.com ,(583) 449-3723
c01975,  Ken Lovelace , KEN.LOVELACE@Example.com ,(540) 460-5357
c01976,  Grace Dijkstra , GRACE.DIJKSTRA@Example.com ,(800) 677-9602
c01977,  Margaret Turing , MARGARET.TURING@Example.com ,(753) 327-7649
c01978,  Margaret Ritchie , MARGARET.RITCHIE@Example.com ,(609) 388-7716
c01979,  Linus Dijkstra , LINUS.DIJKSTRA@Example.com ,(385) 865-6917
c01980,  Ken Dijkstra , KEN.DIJKSTRA@Example.com ,(276) 877-8585
c01981,  Ken Ritchie , KEN.RITCHIE@Example.com ,(539) 777-1086
c01982,  Ken Hamilton , KEN.HAMILTON@Example.com ,(444) 656-9234
c01983,  Dennis Hamilton , DENNIS.HAMILTON@Example.com ,(272) 712-3452
c01984,  Ken Ritchie , KEN.RITCHIE@Example.com ,(851) 225-4102
c01985,  Linus Ritchie , LINUS.RITCHIE@Example.com ,(706) 656-5538
c01986,  Margaret Hopper , MARGARET.HOPPER@Example.com ,(892) 308-9170
c01987,  Barbara Liskov , BARBARA.LISKOV@Example.com ,(592) 533-7063
c01988,  Dennis Ritchie , DENNIS.RITCHIE@Example.com ,(752) 949-6197
c01989,  Grace Dijkstra , GRACE.DIJKSTRA@Example.com ,(905) 292-5228
c01990,  Ada Turing , ADA.TURING@Example.com ,(881) 471-1984
c01991,  Ken Thompson , KEN.THOMPSON@Example.com ,(507) 954-2648
c01992,  Margaret Perlman , MARGARET.PERLMAN@Example.com ,(626) 239-3527
c01993,  Edsger Liskov , EDSGER.LISKOV@Example.com ,(955) 393-8744
c01994,  Grace Ritchie , GRACE.RITCHIE@Example.com ,(936) 219-2661
c01995,  Dennis Perlman , DENNIS.PERLMAN@Example.com ,(930) 649-2369
c01996,  Dennis Lovelace , DENNIS.LOVELACE@Example.com ,(655) 400-8836
c01997,  Dennis Turing , DENNIS.TURING@Example.com ,(838) 555-1451
c01998,  Ken Liskov , KEN.LISKOV@Example.com ,(761) 554-7280
c01999,  Radia Perlman , RADIA.PERLMAN@Example.com ,(310) 863-3925
c02000,  Alan Ritchie , ALAN.RITCHIE@Example.com ,(943) 813-1070
c02001,  Margaret Hamilton , MARGARET.HAMILTON@Example.com ,(345) 232-8295
c02002,  Dennis Perlman , DENNIS.PERLMAN@Example.com ,(614) 507-5545
c02003,  Grace Perlman , GRACE.PERLMAN@Example.com ,(658) 499-4942
c02004,  Alan Dijkstra , ALAN.DIJKSTRA@Example.com ,(349) 601-3879
c02005,  Margaret Dijkstra , MARGARET.DIJKSTRA@Example.com ,(593) 345-8319
c02006,  Ada Torvalds , ADA.TORVALDS@Example.com ,(467) 553-5037
c02007,  Barbara Lovelace , BARBARA.LOVELACE@Example.com ,(332) 756-6082
c02008,  Barbara Hopper , BARBARA.HOPPER@Example.com ,(452) 659-2673
c02009,  Edsger Turing , EDSGER.TURING@Example.com ,(780) 981-8223
c02010,  Margaret Ritchie , MARGARET.RITCHIE@Example.com ,(682) 787-2286
c02011,  Barbara Thompson , BARBARA.THOMPSON@Example.com ,(291) 904-4830
c02012,  Ada Hopper , ADA.HOPPER@Example.com ,(560) 531-8353
c02013,  Margaret Hopper , MARGARET.HOPPER@Example.com ,(759) 662-3051
c02014,  Ada Turing , ADA.TURING@Example.com ,(385) 328-1344
c02015,  Alan Thompson , ALAN.THOMPSON@Example.com ,(520) 858-2315
c02016,  Edsger Ritchie , EDSGER.RITCHIE@Example.com ,(664) 481-9008
c02017,  Edsger Liskov , EDSGER.LISKOV@Example.com ,(675) 550-3382
c02018,  Margaret Liskov , MARGARET.LISKOV@Example.com ,(437) 434-5393
c02019,  Grace Hopper , GRACE.HOPPER@Example.com ,(662) 217-4941
c02020,  Radia Hamilton , RADIA.HAMILTON@Example.com ,(879) 833-7980
c02021,  Ada Ritchie , ADA.RITCHIE@Example.com ,(493) 437-4279
c02022,  Radia Hamilton , RADIA.HAMILTON@Example.com ,(592) 468-4773
c02023,  Ken Hopper , KEN.HOPPER@Example.com ,(666) 350-6798
c02024,  Ada Torvalds , ADA.TORVALDS@Example.com ,(536) 614-1672
c02025,  Linus Perlman , LINUS.PERLMAN@Example.com ,(413) 345-1086
c02026,  Margaret Ritchie , MARGARET.RITCHIE@Example.com ,(899) 298-9562
c02027,  Grace Hopper , GRACE.HOPPER@Example.com ,(715) 496-1293
c02028,  Margaret Torvalds , MARGARET.TORVALDS@Example.com ,(576) 940-7752
c02029,  Margaret Thompson , MARGARET.THOMPSON@Example.com ,(990) 787-5874
c02030,  Dennis Perlman , DENNIS.PERLMAN@Example.com ,(953) 361-5436
c02031,  Margaret Dijkstra , MARGARET.DIJKSTRA@Example.com ,(713) 670-1881
c02032,  Dennis Hamilton , DENNIS.HAMILTON@Example.com ,(455) 662-4316
c02033,  Dennis Turing , DENNIS.TURING@Example.com ,(963) 514-1360
c02034,  Dennis Dijkstra , DENNIS.DIJKSTRA@Example.com ,(650) 313-9751
c02035,  Ada Lovelace , ADA.LOVELACE@Example.com ,(663) 922-7975
c02036,  Linus Thompson , LINUS.THOMPSON@Example.com ,(783) 810-9351
c02037,  Ada Turing , ADA.TURING@Example.com ,(718) 765-1572
c02038,  Barbara Torvalds , BARBARA.TORVALDS@Example.com ,(932) 895-4458
c02039,  Alan Dijkstra , ALAN.DIJKSTRA@Example.com ,(263) 368-2067
c02040,  Margaret Lovelace , MARGARET.LOVELACE@Example.com ,(875) 739-1895
c02041,  Ken Perlman , KEN.PERLMAN@Example.com ,(964) 436-4648
c02042,  Radia Hopper , RADIA.HOPPER@Example.com ,(907) 458-6012
c02043,  Barbara Hamilton , BARBARA.HAMILTON@Example.com ,(217) 758-2596
c02044,  Barbara Dijkstra , BARBARA.DIJKSTRA@Example.com ,(541) 954-7335
c02045,  Margaret Torvalds , MARGARET.TORVALDS@Example.com ,(239) 763-1733
c02046,  Ken Torvalds , KEN.TORVALDS@Example.com ,(715) 568-5194
c02047,  Grace Hamilton , GRACE.HAMILTON@Example.com ,(262) 990-6400
c02048,  Edsger Lovelace , EDSGER.LOVELACE@Example.com ,(593) 530-3610
c02049,  Grace Perlman , GRACE.PERLMAN@Example.com ,(298) 585-8163
c02050,  Margaret Perlman , MARGARET.PERLMAN@Example.com ,(485) 293-1735
c02051,  Margaret Dijkstra , MARGARET.DIJKSTRA@Example.com ,(204) 308-6918
c02052,  Margaret Dijkstra , MARGARET.DIJKSTRA@Example.com ,(886) 563-2681
c02053,  Radia Hamilton , RADIA.HAMILTON@Example.com ,(889) 548-7316
c02054,  Ada Hamilton , ADA.HAMILTON@Example.com ,(715) 336-5262
c02055,  Ada Hamilton , ADA.HAMILTON@Example.com ,(471) 453-3586
c02056,  Ken Dijkstra , KEN.DIJKSTRA@Example.com ,(500) 201-6505
c02057,  Grace Turing , GRACE.TURING@Example.com ,(806) 438-9118
c02058,  Ada Turing , ADA.TURING@Example.com ,(300) 611-1965
c02059,  Barbara Dijkstra , BARBARA.DIJKSTRA@Example.com ,(602) 589-2079
c02060,  Dennis Lovelace , DENNIS.LOVELACE@Example.com ,(904) 497-6736
c02061,  Radia Ritchie , RADIA.RITCHIE@Example.com ,(434) 229-5398
c02062,  Ken Hamilton , KEN.HAMILTON@Example.com ,(895) 788-3915
c02063,  Margaret Thompson , MARGARET.THOMPSON@Example.com ,(218) 304-6219
c02064,  Margaret Torvalds , MARGARET.TORVALDS@Example.com ,(630) 816-8320
c02065,  Linus Liskov , LINUS.LISKOV@Example.com ,(754) 674-7758
c02066,  Margaret Perlman , MARGARET.PERLMAN@Example.com ,(806) 731-4371
c02067,  Ken Dijkstra , KEN.DIJKSTRA@Example.com ,(338) 468-8958
c02068,  Barbara Ritchie , BARBARA.RITCHIE@Example.com ,(649) 579-7268
c02069,  Margaret Liskov , MARGARET.LISKOV@Example.com ,(755) 721-1035
c02070,  Dennis Liskov , DENNIS.LISKOV@Example.com ,(833) 301-5893
c02071,  Barbara Perlman , BARBARA.PERLMAN@Example.com ,(855) 745-6043
c02072,  Ada Torvalds , ADA.TORVALDS@Example.com ,(723) 612-3145
c02073,  Radia Hamilton , RADIA.HAMILTON@Example.com ,(299) 653-6342
c02074,  Grace Hopper , GRACE.HOPPER@Example.com ,(211) 326-1579
c02075,  Alan Ritchie , ALAN.RITCHIE@Example.com ,(695) 793-4395
c02076,  Margaret Torvalds , MARGARET.TORVALDS@Example.com ,(225) 665-9176
c02077,  Grace Thompson , GRACE.THOMPSON@Example.com ,(991) 420-2909
c02078,  Ken Dijkstra , KEN.DIJKSTRA@Example.com ,(477) 313-1309
c02079,  Barbara Torvalds , BARBARA.TORVALDS@Example.com ,(326) 326-8969
c02080,  Alan Torvalds , ALAN.TORVALDS@Example.com ,(638) 534-4255
c02081,  Edsger Liskov , EDSGER.LISKOV@Example.com ,(513) 206-7341
c02082,  Alan Turing , ALAN.TURING@Example.com ,(915) 760-6567
c02083,  Ada Hopper , ADA.HOPPER@Example.com ,(738) 904-4216
c02084,  Margaret Hopper , MARGARET.HOPPER@Example.com ,(409) 318-8445
c02085,  Dennis Dijkstra , DENNIS.DIJKSTRA@Example.com ,(228) 650-8039
c02086,  Edsger Torvalds , EDSGER.TORVALDS@Example.com ,(339) 713-2888
c02087,  Dennis Hopper , DENNIS.HOPPER@Example.com ,(711) 395-5803
c02088,  Margaret Lovelace , MARGARET.LOVELACE@Example.com ,(258) 902-4532
c02089,  Radia Turing , RADIA.TURING@Example.com ,(340) 286-6867
c02090,  Alan Lovelace , ALAN.LOVELACE@Example.com ,(203) 914-6390
c02091,  Radia Hopper , RADIA.HOPPER@Example.com ,(493) 504-8274
c02092,  Ada Dijkstra , ADA.DIJKSTRA@Example.com ,(293) 798-2079
c02093,  Margaret Thompson , MARGARET.THOMPSON@Example.com ,(344) 716-5277
c02094,  Edsger Hamilton , EDSGER.HAMILTON@Example.com ,(735) 755-5239
c02095,  Linus Thompson , LINUS.THOMPSON@Example.com ,(907) 598-8972
c02096,  Alan Torvalds , ALAN.TORVALDS@Example.com ,(423) 407-9795
c02097,  Dennis Liskov , DENNIS.LISKOV@Example.com ,(494) 908-3718
c02098,  Radia Lovelace , RADIA.LOVELACE@Example.com ,(766) 751-6476
c02099,  Linus Torvalds , LINUS.TORVALDS@Example.com ,(910) 240-3276
c02100,  Grace Dijkstra , GRACE.DIJKSTRA@Example.com ,(483) 372-6972
c02101,  Linus Hopper , LINUS.HOPPER@Example.com ,(286) 732-6676
c02102,  Alan Lovelace , ALAN.LOVELACE@Example.com ,(533) 463-6806
c02103,  Ken Torvalds , KEN.TORVALDS@Example.com ,(597) 267-9298
c02104,  Barbara Hopper , BARBARA.HOPPER@Example.com ,(830) 784-8755
c02105,  Linus Dijkstra , LINUS.DIJKSTRA@Example.com ,(484) 697-7071
c02106,  Ken Thompson , KEN.THOMPSON@Example.com ,(991) 832-7022
c02107,  Radia Turing , RADIA.TURING@Example.com ,(429) 944-9396
c02108,  Edsger Liskov , EDSGER.LISKOV@Example.com ,(478) 323-4026
c02109,  Linus Lovelace , LINUS.LOVELACE@Example.com ,(316) 272-9087
c02110,  Ken Ritchie , KEN.RITCHIE@Example.com ,(427) 952-8791
c02111,  Margaret Hamilton , MARGARET.HAMILTON@Example.com ,(491) 379-4233
c02112,  Ken Hamilton , KEN.HAMILTON@Example.com ,(693) 463-3862
c02113,  Grace Torvalds , GRACE.TORVALDS@Example.com ,(448) 269-2140
c02114,  Radia Torvalds , RADIA.TORVALDS@Example.com ,(371) 736-6080
c02115,  Edsger Dijkstra , EDSGER.DIJKSTRA@Example.com ,(860) 894-1262
c02116,  Radia Ritchie , RADIA.RITCHIE@Example.com ,(577) 563-5712
c02117,  Alan Ritchie , ALAN.RITCHIE@Example.com ,(617) 320-7980
c02118,  Grace Liskov , GRACE.LISKOV@Example.com ,(846) 260-5705
c02119,  Ada Perlman , ADA.PERLMAN@Example.com ,(969) 754-9406
c02120,  Ken Lovelace , KEN.LOVELACE@Example.com ,(437) 558-2869
c02121,  Margaret Perlman , MARGARET.PERLMAN@Example.com ,(381) 951-5578
c02122,  Edsger Liskov , EDSGER.LISKOV@Example.com ,(687) 429-8880
c02123,  Ada Liskov , ADA.LISKOV@Example.com ,(388) 501-3662
c02124,  Ken Perlman , KEN.PERLMAN@Example.com ,(469) 644-5217
c02125,  Grace Torvalds , GRACE.TORVALDS@Example.com ,(326) 325-4091
c02126,  Margaret Turing , MARGARET.TURING@Example.com ,(423) 242-5840
c02127,  Radia Lovelace , RADIA.LOVELACE@Example.com ,(666) 608-9513
c02128,  Grace Turing , GRACE.TURING@Example.com ,(472) 530-3658
c02129,  Alan Thompson , ALAN.THOMPSON@Example.com ,(479) 263-2559
c02130,  Barbara Hopper , BARBARA.HOPPER@Example.com ,(582) 911-4561
c02131,  Dennis Thompson , DENNIS.THOMPSON@Example.com ,(699) 805-7330
c02132,  Radia Thompson , RADIA.THOMPSON@Example.com ,(862) 953-7880
c02133,  Ken Hopper , KEN.HOPPER@Example.com ,(637) 578-1728
c02134,  Barbara Dijkstra , BARBARA.DIJKSTRA@Example.com ,(450) 842-2177
c02135,  Radia Hopper , RADIA.HOPPER@Example.com ,(679) 383-6048
c02136,  Radia Ritchie , RADIA.RITCHIE@Example.com ,(214) 762-3925
c02137,  Edsger Thompson , EDSGER.THOMPSON@Example.com ,(263) 954-4866
c02138,  Grace Ritchie , GRACE.RITCHIE@Example.com ,(523) 299-2690
c02139,  Margaret Ritchie , MARGARET.RITCHIE@Example.com ,(869) 250-6766
c02140,  Margaret Hamilton , MARGARET.HAMILTON@Example.com ,(644) 358-5097
c02141,  Grace Ritchie , GRACE.RITCHIE@Example.com ,(900) 785-1477
c02142,  Alan Hamilton , ALAN.HAMILTON@Example.com ,(730) 847-3616
c02143,  Linus Liskov , LINUS.LISKOV@Example.com ,(873) 520-4662
c02144,  Ada Hamilton , ADA.HAMILTON@Example.com ,(605) 431-9115
c02145,  Linus Perlman , LINUS.PERLMAN@Example.com ,(880) 499-7081
c02146,  Ada Dijkstra , ADA.DIJKSTRA@Example.com ,(355) 683-4752
c02147,  Dennis Hamilton , DENNIS.HAMILTON@Example.com ,(911) 535-9796
c02148,  Linus Lovelace , LINUS.LOVELACE@Example.com ,(257) 814-5108
c02149,  Edsger Liskov , EDSGER.LISKOV@Example.com ,(914) 651-9951
c02150,  Ken Ritchie , KEN.RITCHIE@Example.com ,(824) 499-8638
c02151,  Ken Ritchie , KEN.RITCHIE@Example.com ,(839) 689-9953
c02152,  Ada Hopper , ADA.HOPPER@Example.com ,(338) 861-8105
c02153,  Margaret Hamilton , MARGARET.HAMILTON@Example.com ,(763) 998-1852
c02154,  Linus Torvalds , LINUS.TORVALDS@Example.com ,(504) 594-6864
c02155,  Linus Hamilton , LINUS.HAMILTON@Example.com ,(422) 589-8045
c02156,  Margaret Ritchie , MARGARET.RITCHIE@Example.com ,(325) 593-5170
c02157,  Barbara Turing , BARBARA.TURING@Example.com ,(811) 355-8251
c02158,  Alan Ritchie , ALAN.RITCHIE@Example.com ,(916) 201-7168
c02159,  Margaret Hopper , MARGARET.HOPPER@Example.com ,(562) 837-8479
c02160,  Linus Turing , LINUS.TURING@Example.com ,(274) 271-7935
c02161,  Barbara Liskov , BARBARA.LISKOV@Example.com ,(501) 741-5426
c02162,  Radia Liskov , RADIA.LISKOV@Example.com ,(719) 642-1725
c02163,  Ken Hopper , KEN.HOPPER@Example.com ,(335) 657-6326
c02164,  Edsger Dijkstra , EDSGER.DIJKSTRA@Example.com ,(593) 724-9897
c02165,  Dennis Turing , DENNIS.TURING@Example.com ,(705) 270-1718
c02166,  Margaret Dijkstra , MARGARET.DIJKSTRA@Example.com ,(879) 460-4857
c02167,  Barbara Dijkstra , BARBARA.DIJKSTRA@Example.com ,(532) 700-6343
c02168,  Ken Liskov , KEN.LISKOV@Example.com ,(975) 487-9831
c02169,  Margaret Perlman , MARGARET.PERLMAN@Example.com ,(635) 565-2385
c02170,  Grace Torvalds , GRACE.TORVALDS@Example.com ,(566) 614-1175
c02171,  Dennis Perlman , DENNIS.PERLMAN@Example.com ,(898) 919-7698
c02172,  Radia Thompson , RADIA.THOMPSON@Example.com ,(491) 963-4421
c02173,  Radia Hamilton , RADIA.HAMILTON@Example.com ,(679) 612-1864
c02174,  Ken Torvalds , KEN.TORVALDS@Example.com ,(736) 395-4414
c02175,  Linus Perlman , LINUS.PERLMAN@Example.com ,(520) 900-5736
c02176,  Linus Liskov , LINUS.LISKOV@Example.com ,(767) 306-1965
c02177,  Margaret Hopper , MARGARET.HOPPER@Example.com ,(272) 808-6549
c02178,  Edsger Liskov , EDSGER.LISKOV@Example.com ,(248) 638-8005
c02179,  Alan Liskov , ALAN.LISKOV@Example.com ,(246) 333-7457
c02180,  Alan Lovelace , ALAN.LOVELACE@Example.com ,(811) 849-8488
c02181,  Ken Perlman , KEN.PERLMAN@Example.com ,(478) 847-5047
c02182,  Linus Perlman , LINUS.PERLMAN@Example.com ,(249) 515-3030
c02183,  Alan Hamilton , ALAN.HAMILTON@Example.com ,(251) 938-9619
c02184,  Grace Hamilton , GRACE.HAMILTON@Example.com ,(876) 639-5167
c02185,  Barbara Perlman , BARBARA.PERLMAN@Example.com ,(205) 634-5013
c02186,  Edsger Hopper , EDSGER.HOPPER@Example.com ,(670) 380-7411
c02187,  Dennis Lovelace , DENNIS.LOVELACE@Example.com ,(440) 232-2501
c02188,  Linus Hamilton , LINUS.HAMILTON@Example.com ,(515) 850-6697
c02189,  Linus Perlman , LINUS.PERLMAN@Example.com ,(207) 443-8811
c02190,  Grace Ritchie , GRACE.RITCHIE@Example.com ,(409) 658-5654
c02191,  Ken Hamilton , KEN.HAMILTON@Example.com ,(443) 567-6418
c02192,  Barbara Lovelace , BARBARA.LOVELACE@Example.com ,(560) 523-1801
c02193,  Alan Liskov , ALAN.LISKOV@Example.com ,(991) 750-6062
c02194,  Barbara Hamilton , BARBARA.HAMILTON@Example.com ,(887) 207-1009
c02195,  Linus Perlman , LINUS.PERLMAN@Example.com ,(756) 740-4998
c02196,  Dennis Lovelace , DENNIS.LOVELACE@Example.com ,(643) 529-7759
c02197,  Grace Ritchie , GRACE.RITCHIE@Example.com ,(619) 934-9803
c02198,  Ada Turing , ADA.TURING@Example.com ,(206) 906-6206
c02199,  Radia Hamilton , RADIA.HAMILTON@Example.com ,(737) 923-7330
c02200,  Margaret Liskov , MARGARET.LISKOV@Example.com ,(879) 335-3910
c02201,  Barbara Liskov , BARBARA.LISKOV@Example.com ,(403) 779-1056
c02202,  Ada Liskov , ADA.LISKOV@Example.com ,(573) 437-7485
c02203,  Dennis Perlman , DENNIS.PERLMAN@Example.com ,(826) 608-5459
c02204,  Margaret Liskov , MARGARET.LISKOV@Example.com ,(717) 255-9618
c02205,  Ada Dijkstra , ADA.DIJKSTRA@Example.com ,(239) 216-7075
c02206,  Ada Hamilton , ADA.HAMILTON@Example.com ,(378) 769-2623
c02207,  Margaret Hamilton , MARGARET.HAMILTON@Example.com ,(825) 648-3218
c02208,  Margaret Ritchie , MARGARET.RITCHIE@Example.com ,(630) 243-9498
c02209,  Alan Torvalds , ALAN.TORVALDS@Example.com ,(379) 546-6052
c02210,  Barbara Perlman , BARBARA.PERLMAN@Example.com ,(389) 497-7371
c02211,  Alan Lovelace , ALAN.LOVELACE@Example.com ,(851) 411-3272
c02212,  Edsger Hamilton , EDSGER.HAMILTON@Example.com ,(338) 590-1314
c02213,  Margaret Thompson , MARGARET.THOMPSON@Example.com ,(206) 949-6354
c02214,  Ada Dijkstra , ADA.DIJKSTRA@Example.com ,(395) 781-8565
c02215,  Edsger Torvalds , EDSGER.TORVALDS@Example.com ,(746) 601-8318
c02216,  Ada Perlman , ADA.PERLMAN@Example.com ,(898) 543-3933
c02217,  Radia Liskov , RADIA.LISKOV@Example.com ,(306) 521-8551
c02218,  Margaret Perlman , MARGARET.PERLMAN@Example.com ,(431) 510-6322
c02219,  Margaret Torvalds , MARGARET.TORVALDS@Example.com ,(387) 447-8625
c02220,  Alan Thompson , ALAN.THOMPSON@Example.com ,(250) 608-1075
c02221,  Margaret Thompson , MARGARET.THOMPSON@Example.com ,(566) 585-2616
c02222,  Alan Ritchie , ALAN.RITCHIE@Example.com ,(694) 265-8807
c02223,  Barbara Lovelace , BARBARA.LOVELACE@Example.com ,(618) 404-1156
c02224,  Grace Hamilton , GRACE.HAMILTON@Example.com ,(944) 621-2365
c02225,  Radia Turing , RADIA.TURING@Example.com ,(375) 379-6205
c02226,  Grace Hamilton , GRACE.HAMILTON@Example.com ,(510) 810-7009
c02227,  Edsger Dijkstra , EDSGER.DIJKSTRA@Example.com ,(693) 414-2862
c02228,  Ada Turing , ADA.TURING@Example.com ,(818) 991-4798
c02229,  Barbara Liskov , BARBARA.LISKOV@Example.com ,(545) 306-5421
c02230,  Margaret Ritchie , MARGARET.RITCHIE@Example.com ,(828) 811-9042
c02231,  Margaret Lovelace , MARGARET.LOVELACE@Example.com ,(489) 635-8862
c02232,  Ken Lovelace , KEN.LOVELACE@Example.com ,(584) 209-6704
c02233,  Barbara Perlman , BARBARA.PERLMAN@Example.com ,(562) 943-5568
c02234,  Alan Hopper , ALAN.HOPPER@Example.com ,(816) 844-6181
c02235,  Linus Hopper , LINUS.HOPPER@Example.com ,(830) 538-4486
c02236,  Edsger Lovelace , EDSGER.LOVELACE@Example.com ,(950) 854-4124
c02237,  Dennis Liskov , DENNIS.LISKOV@Example.com ,(350) 789-6769
c02238,  Alan Hamilton , ALAN.HAMILTON@Example.com ,(383) 669-2542
c02239,  Barbara Hopper , BARBARA.HOPPER@Example.com ,(594) 466-6974
c02240,  Ada Hamilton , ADA.HAMILTON@Example.com ,(450) 816-1385
c02241,  Margaret Hopper , MARGARET.HOPPER@Example.com ,(861) 349-9015
c02242,  Ken Liskov , KEN.LISKOV@Example.com ,(510) 878-2145
c02243,  Edsger Torvalds , EDSGER.TORVALDS@Example.com ,(518) 453-9812
c02244,  Margaret Thompson , MARGARET.THOMPSON@Example.com ,(661) 793-1610
c02245,  Linus Turing , LINUS.TURING@Example.com ,(440) 597-7983
c02246,  Linus Liskov , LINUS.LISKOV@Example.com ,(704) 839-8576
c02247,  Grace Perlman , GRACE.PERLMAN@Example.com ,(275) 242-4956
c02248,  Radia Ritchie , RADIA.RITCHIE@Example.com ,(845) 769-3863
c02249,  Edsger Torvalds , EDSGER.TORVALDS@Example.com ,(577) 251-9697
c02250,  Radia Dijkstra , RADIA.DIJKSTRA@Example.com ,(915) 325-2684
c02251,  Alan Hopper , ALAN.HOPPER@Example.com ,(762) 466-3068
c02252,  Alan Perlman , ALAN.PERLMAN@Example.com ,(300) 612-2371
c02253,  Alan Hamilton , ALAN.HAMILTON@Example.com ,(642) 555-3484
c02254,  Dennis Turing , DENNIS.TURING@Example.com ,(898) 815-7368
c02255,  Alan Lovelace , ALAN.LOVELACE@Example.com ,(965) 448-8367
c02256,  Grace Thompson , GRACE.THOMPSON@Example.com ,(435) 527-7276
c02257,  Ada Thompson , ADA.THOMPSON@Example.com ,(310) 788-4471
c02258,  Dennis Ritchie , DENNIS.RITCHIE@Example.com ,(636) 475-7823
c02259,  Edsger Dijkstra , EDSGER.DIJKSTRA@Example.com ,(219) 604-1596
c02260,  Linus Torvalds , LINUS.TORVALDS@Example.com ,(950) 793-7635
c02261,  Barbara Ritchie , BARBARA.RITCHIE@Example.com ,(583) 963-8042
c02262,  Linus Liskov , LINUS.LISKOV@Example.com ,(705) 744-7680
c02263,  Linus Turing , LINUS.TURING@Example.com ,(488) 852-7209
c02264,  Margaret Perlman , MARGARET.PERLMAN@Example.com ,(361) 807-4272
c02265,  Margaret Thompson , MARGARET.THOMPSON@Example.com ,(639) 214-2891
c02266,  Barbara Turing , BARBARA.TURING@Example.com ,(886) 931-7145
c02267,  Grace Ritchie , GRACE.RITCHIE@Example.com ,(971) 990-6517
c02268,  Grace Lovelace , GRACE.LOVELACE@Example.com ,(341) 768-6495
c02269,  Ada Perlman , ADA.PERLMAN@Example.com ,(760) 862-9376
c02270,  Barbara Thompson , BARBARA.THOMPSON@Example.com ,(291) 791-5595
c02271,  Ken Lovelace , KEN.LOVELACE@Example.com ,(447) 517-3133
c02272,  Edsger Liskov , EDSGER.LISKOV@Example.com ,(712) 550-4697
c02273,  Linus Lovelace , LINUS.LOVELACE@Example.com ,(785) 609-7295
c02274,  Edsger Liskov , EDSGER.LISKOV@Example.com ,(496) 236-7494
c02275,  Margaret Dijkstra , MARGARET.DIJKSTRA@Example.com ,(597) 968-9081
c02276,  Ada Torvalds , ADA.TORVALDS@Example.com ,(746) 787-9405
c02277,  Grace Perlman , GRACE.PERLMAN@Example.com ,(526) 402-4704
c02278,  Ken Liskov , KEN.LISKOV@Example.com ,(571) 454-6231
c02279,  Edsger Dijkstra , EDSGER.DIJKSTRA@Example.com ,(659) 909-9450
c02280,  Grace Dijkstra , GRACE.DIJKSTRA@Example.com ,(738) 599-6756
c02281,  Barbara Lovelace , BARBARA.LOVELACE@Example.com ,(278) 845-8599
c02282,  Linus Hamilton , LINUS.HAMILTON@Example.com ,(657) 800-4936
c02283,  Edsger Liskov , EDSGER.LISKOV@Example.com ,(490) 516-2256
c02284,  Margaret Ritchie , MARGARET.RITCHIE@Example.com ,(565) 529-3982
c02285,  Margaret Hamilton , MARGARET.HAMILTON@Example.com ,(931) 885-8215
c02286,  Barbara Dijkstra , BARBARA.DIJKSTRA@Example.com ,(906) 414-8493
c02287,  Edsger Lovelace , EDSGER.LOVELACE@Example.com ,(578) 997-4707
c02288,  Linus Ritchie , LINUS.RITCHIE@Example.com ,(783) 820-3050
c02289,  Edsger Torvalds , EDSGER.TORVALDS@Example.com ,(404) 367-1142
c02290,  Alan Torvalds , ALAN.TORVALDS@Example.com ,(696) 425-1812
c02291,  Grace Perlman , GRACE.PERLMAN@Example.com ,(628) 410-2697
c02292,  Dennis Ritchie , DENNIS.RITCHIE@Example.com ,(430) 711-8847
c02293,  Ada Hamilton , ADA.HAMILTON@Example.com ,(247) 784-3914
c02294,  Radia Torvalds , RADIA.TORVALDS@Example.com ,(760) 841-5827
c02295,  Edsger Hamilton , EDSGER.HAMILTON@Example.com ,(751) 751-7480
c02296,  Margaret Torvalds , MARGARET.TORVALDS@Example.com ,(613) 813-3796
c02297,  Margaret Thompson , MARGARET.THOMPSON@Example.com ,(579) 978-4588
c02298,  Alan Hopper , ALAN.HOPPER@Example.com ,(497) 457-1414
c02299,  Ken Ritchie , KEN.RITCHIE@Example.com ,(768) 551-2403
c02300,  Alan Perlman , ALAN.PERLMAN@Example.com ,(531) 551-4056
c02301,  Dennis Perlman , DENNIS.PERLMAN@Example.com ,(474) 242-5153
c02302,  Ada Hopper , ADA.HOPPER@Example.com ,(415) 498-8693
c02303,  Barbara Hamilton , BARBARA.HAMILTON@Example.com ,(608) 566-5312
c02304,  Dennis Perlman , DENNIS.PERLMAN@Example.com ,(951) 737-9639
c02305,  Barbara Torvalds , BARBARA.TORVALDS@Example.com ,(781) 946-7444
c02306,  Grace Turing , GRACE.TURING@Example.com ,(566) 713-8499
c02307,  Radia Hamilton , RADIA.HAMILTON@Example.com ,(734) 786-1874
c02308,  Ada Lovelace , ADA.LOVELACE@Example.com ,(367) 517-1044
c02309,  Linus Hopper , LINUS.HOPPER@Example.com ,(701) 696-3292
c02310,  Alan Turing , ALAN.TURING@Example.com ,(680) 343-6282
c02311,  Grace Thompson , GRACE.THOMPSON@Example.com ,(629) 330-4238
c02312,  Linus Liskov , LINUS.LISKOV@Example.com ,(508) 754-6948
c02313,  Barbara Torvalds , BARBARA.TORVALDS@Example.com ,(338) 852-8583
c02314,  Radia Dijkstra , RADIA.DIJKSTRA@Example.com ,(822) 616-4380
c02315,  Ken Turing , KEN.TURING@Example.com ,(555) 369-9439
c02316,  Grace Ritchie , GRACE.RITCHIE@Example.com ,(797) 695-2079
c02317,  Barbara Hopper , BARBARA.HOPPER@Example.com ,(828) 818-9230
c02318,  Ken Thompson , KEN.THOMPSON@Example.com ,(332) 251-6536
c02319,  Margaret Dijkstra , MARGARET.DIJKSTRA@Example.com ,(800) 438-7089
c02320,  Grace Hopper , GRACE.HOPPER@Example.com ,(683) 301-8548
c02321,  Ken Lovelace , KEN.LOVELACE@Example.com ,(395) 329-7377
c02322,  Ken Dijkstra , KEN.DIJKSTRA@Example.com ,(658) 745-5394
c02323,  Ada Lovelace , ADA.LOVELACE@Example.com ,(941) 629-3968
c02324,  Barbara Liskov , BARBARA.LISKOV@Example.com ,(353) 791-3456
c02325,  Grace Thompson , GRACE.THOMPSON@Example.com ,(872) 469-8082
c02326,  Barbara Ritchie , BARBARA.RITCHIE@Example.com ,(481) 685-7883
c02327,  Linus Ritchie , LINUS.RITCHIE@Example.com ,(407) 274-7698
c02328,  Barbara Lovelace , BARBARA.LOVELACE@Example.com ,(271) 643-8840
c02329,  Radia Turing , RADIA.TURING@Example.com ,(345) 923-3567
c02330,  Edsger Lovelace , EDSGER.LOVELACE@Example.com ,(306) 528-8579
c02331,  Margaret Thompson , MARGARET.THOMPSON@Example.com ,(678) 903-4263
c02332,  Radia Perlman , RADIA.PERLMAN@Example.com ,(918) 391-9008
c02333,  Ada Thompson , ADA.THOMPSON@Example.com ,(457) 553-8882
c02334,  Ada Torvalds , ADA.TORVALDS@Example.com ,(384) 341-7290
c02335,  Margaret Hamilton , MARGARET.HAMILTON@Example.com ,(700) 385-8499
c02336,  Ken Liskov , KEN.LISKOV@Example.com ,(262) 922-3039
c02337,  Ken Hamilton , KEN.HAMILTON@Example.com ,(667) 834-9146
c02338,  Dennis Torvalds , DENNIS.TORVALDS@Example.com ,(249) 483-4571
c02339,  Margaret Lovelace , MARGARET.LOVELACE@Example.com ,(851) 229-9663
c02340,  Edsger Torvalds , EDSGER.TORVALDS@Example.com ,(990) 408-9099
c02341,  Ada Lovelace , ADA.LOVELACE@Example.com ,(655) 954-2543
c02342,  Dennis Hopper , DENNIS.HOPPER@Example.com ,(254) 765-3577
c02343,  Margaret Lovelace , MARGARET.LOVELACE@Example.com ,(380) 628-4075
c02344,  Grace Hamilton , GRACE.HAMILTON@Example.com ,(259) 490-5748
c02345,  Linus Torvalds , LINUS.TORVALDS@Example.com ,(926) 314-1810
c02346,  Ada Liskov , ADA.LISKOV@Example.com ,(507) 406-6833
c02347,  Alan Ritchie , ALAN.RITCHIE@Example.com ,(495) 786-2975
c02348,  Grace Thompson , GRACE.THOMPSON@Example.com ,(390) 379-3407
c02349,  Alan Torvalds , ALAN.TORVALDS@Example.com ,(820) 290-6069
c02350,  Alan Ritchie , ALAN.RITCHIE@Example.com ,(934) 674-7022
c02351,  Radia Liskov , RADIA.LISKOV@Example.com ,(274) 717-9286
c02352,  Grace Liskov , GRACE.LISKOV@Example.com ,(804) 616-6474
c02353,  Radia Turing , RADIA.TURING@Example.com ,(786) 726-7689
c02354,  Linus Hopper , LINUS.HOPPER@Example.com ,(573) 827-6215
c02355,  Ada Hopper , ADA.HOPPER@Example.com ,(358) 679-1649
c02356,  Linus Lovelace , LINUS.LOVELACE@Example.com ,(832) 470-5915
c02357,  Linus Hamilton , LINUS.HAMILTON@Example.com ,(788) 602-7029
c02358,  Grace Liskov , GRACE.LISKOV@Example.com ,(729) 816-4997
c02359,  Dennis Dijkstra , DENNIS.DIJKSTRA@Example.com ,(757) 564-3354
c02360,  Margaret Torvalds , MARGARET.TORVALDS@Example.com ,(965) 478-8779
c02361,  Edsger Hopper , EDSGER.HOPPER@Example.com ,(378) 531-5477
c02362,  Ken Liskov , KEN.LISKOV@Example.com ,(979) 296-2150
c02363,  Ken Turing , KEN.TURING@Example.com ,(547) 476-6406
c02364,  Margaret Turing , MARGARET.TURING@Example.com ,(523) 271-2112
c02365,  Margaret Hamilton , MARGARET.HAMILTON@Example.com ,(895) 297-8265
c02366,  Edsger Perlman , EDSGER.PERLMAN@Example.com ,(439) 670-3876
c02367,  Grace Lovelace , GRACE.LOVELACE@Example.com ,(869) 981-7562
c02368,  Linus Turing , LINUS.TURING@Example.com ,(627) 341-4757
c02369,  Alan Liskov , ALAN.LISKOV@Example.com ,(753) 866-3247
c02370,  Ken Ritchie , KEN.RITCHIE@Example.com ,(802) 268-1768
c02371,  Alan Hamilton , ALAN.HAMILTON@Example.com ,(611) 888-4073
c02372,  Linus Torvalds , LINUS.TORVALDS@Example.com ,(213) 809-4430
c02373,  Edsger Hamilton , EDSGER.HAMILTON@Example.com ,(353) 447-6175
c02374,  Ada Torvalds , ADA.TORVALDS@Example.com ,(437) 855-8514
c02375,  Edsger Dijkstra , EDSGER.DIJKSTRA@Example.com ,(315) 371-3261
c02376,  Radia Dijkstra , RADIA.DIJKSTRA@Example.com ,(615) 477-3333
c02377,  Barbara Ritchie , BARBARA.RITCHIE@Example.com ,(937) 853-4159
c02378,  Ken Ritchie , KEN.RITCHIE@Example.com ,(927) 214-1122
c02379,  Ken Turing , KEN.TURING@Example.com ,(624) 217-9690
c02380,  Dennis Hopper , DENNIS.HOPPER@Example.com ,(871) 568-6833
c02381,  Barbara Hamilton , BARBARA.HAMILTON@Example.com ,(601) 566-4403
c02382,  Edsger Thompson , EDSGER.THOMPSON@Example.com ,(928) 324-3361
c02383,  Linus Dijkstra , LINUS.DIJKSTRA@Example.com ,(846) 332-7463
c02384,  Edsger Ritchie , EDSGER.RITCHIE@Example.com ,(577) 218-2850
c02385,  Grace Ritchie , GRACE.RITCHIE@Example.com ,(285) 535-2791
c02386,  Edsger Lovelace , EDSGER.LOVELACE@Example.com ,(617) 990-9782
c02387,  Dennis Ritchie , DENNIS.RITCHIE@Example.com ,(257) 831-6959
c02388,  Dennis Torvalds , DENNIS.TORVALDS@Example.com ,(931) 928-4048
c02389,  Ada Ritchie , ADA.RITCHIE@Example.com ,(673) 332-9537
c02390,  Linus Dijkstra , LINUS.DIJKSTRA@Example.com ,(337) 828-6577
c02391,  Barbara Ritchie , BARBARA.RITCHIE@Example.com ,(213) 650-6330
c02392,  Radia Lovelace , RADIA.LOVELACE@Example.com ,(546) 911-3935
c02393,  Margaret Lovelace , MARGARET.LOVELACE@Example.com ,(290) 756-6911
c02394,  Ada Lovelace , ADA.LOVELACE@Example.com ,(750) 613-8454
c02395,  Radia Torvalds , RADIA.TORVALDS@Example.com ,(468) 372-7703
c02396,  Grace Ritchie , GRACE.RITCHIE@Example.com ,(820) 307-8306
c02397,  Margaret Dijkstra , MARGARET.DIJKSTRA@Example.com ,(437) 292-3068
c02398,  Grace Ritchie , GRACE.RITCHIE@Example.com ,(259) 256-6274
c02399,  Edsger Hamilton , EDSGER.HAMILTON@Example.com ,(615) 831-3253
c02400,  Edsger Torvalds , EDSGER.TORVALDS@Example.com ,(819) 698-5877
